contig_922	GGCTCTTACATGCCgagctgctgaaacgaagccccagaaacccagcggctggaccagcagggatgcggcctcccacggtcctagagcccggatgtctgagagccaaggccgggcgggccaggcgcggcccctccaaagaatccggggagactcggccctgcagccctcctggcgactccttcctcggcctgcagacgctgccccccagccccagcctccgtctccacgtggcttttccccgtgtctatgttcaaatttccctcttcccctaaggacaccagccgttggaccagacccatcctaatgacctcaccttaacttggccatatctgcaaagaccctctctccgactacagtgacatcctgaggctccagggAAATGAATTCGGGGGCACTGCCCAACCCAGCCCAGTGCCGCGGCCCATCGGGCTCTGCGTCGCCTGTGACTCCTGCCCCACGTCTCTGCAGGGTCTCTCTGCCGTTTTCCAGGTTAGGGAACCGAGGTCAGGGCACGTCTCTGCAGGGTCTCTCTGCCGTTTTCCAGGTTAGGGAACCGAGGTCAGGGCAGCTCGGTGAGCGCCCACACGGCAGGAGGCTGCCTTTGAGCCATATTGTCTGACCACAAAGTTCTCATAGAGAATGATTGTGCCGGACTCTGAGCTGACCTTCCAGATACTGTGCGGGCCAGGGAAAGAGAAGCCCATGTGCCCTGTGTGCAAACGTTTAAAGTTACAAATCAAACTAAAAGTGTGCTGGGGGCCCTGACCCAGACAACGCGCCTGGCAGACCACACTGGAATCCTCTGGACCCTGCCGAGCCCTGTGCAGAAGCACGAGGTGTGGAGAGCACAGGACAGAGGCCGGGGCTCCAGACCTGCCTCCGGTCCCACCTGCCCGCCGGCCCCACATAGGGCCAGGCCCCAGGGTGAAGGGTGCTCACTTCAAGGGGGCGGCTGAGGCAGACCCTGCAGGCCTGGAGCAGCAGGGACTCTGGGGGGCTACAAAGCCCAGACCACCGTGCCAGGTTGGGTTCTGTGTGGACGTGGTCTGGTCTCTGCATGCTCCATCTGCGAGGGTGTCCGTGCGACCTGGGCTGGGCTTGCTGCCTGAAGCCTCCTGCCTGCCCTGTCTGTGCCCCACACCCTCCTTCTTTGCCAGCTCTGAGTTCCTTCCCTGTGAAATTCTCATCTTCCTGGGTCCCTTGGGAGCAAGACACCACCTCAAGGAAGGCAGAAAGTGGAAGCTTCTGAGCCTGGGACGCAGCCTCCTCCCTCACCTGCCCCCTGCCAGATGAAAGGCCTGGCTCCTGCCAACAGGGCTT	1320	46.67	6.81818181818182	1e-07	gi|83722567|ref|NC_007653.1|	Papiine herpesvirus 2, complete genome	virus	Herpesviridae	Papiine herpesvirus 2	dsDNA,linear,nonsegmented	tblastx	viral.1.1.genomic	749	838	46870	46959	0
contig_473	GTTTTGTTTTGTTTTTTTGCCATTTGGAGAGGAGGAAAGAGTGGCATGGAGGGCTCAGGGCCAGCAGGCAGTGCCACCTGGTGACTCCCCATGAGGACAGAGCCCCCAGGCAGCCCCCAGACTCTGCCCCGAAGGGGTTCCCTGCCAGGGCTCCCAGGGCCCAGCACTGCCCCCGACCCTCTCGGACACAGCCCCACTGTCCCCTCCCAGAAGCCCCCATGGTGGGTCCTACCAGCCTCGCTTCCTGGGCACCAGACAGACAGCCTGCTATTGACCGCACGGACTGGGCATTGACTGGCTGAAAGGTGAAACCTGAAATAGTCCCAGTTGCCGGTAAACAGGATTTTTAATTGTTTAGGCAGCTAATCTCTGGTATCGGTCACCTCCCAGGAAGGGGGGTGGCGGGGAGCCATGGGGGCTTTGATCGGTCCACAACCACAAGGGCAGGCTCAGGGAGGGGCAGGCTCCAGCCGAGGCCCGAGCTCCGTGCTCTGCGAGTATGGTATGGGGGGCTGTTTCATTCACTTGCCAAGTCTCTACGCTGTGGGGGCCCAGTAGACTTTCTAAGTGAATGACTGAATGAGCCCTGCAGGCTGAAGGCGGGGGGCCCGTCCTGGTGGCGCTGAGGTGCTGGGCTTCCGTGGGCCTCTCCCTGCTTGCTCCTCCTTGACCACCTCACTCTCTTTCAAGGGGGCCCAGCCCCCCATGAGCACTGACGCTAAGTGGCAAGGCTGCGAGCCTGCAGCCAACTCGGTTCCTGGGGAAGGAAGTATGGAGGTTGTGACTTACTCGAGGTGGGGGCTGAGTTCAGGCTGGAGGAGCCATCTCCCCCGTCCCACTGTCCCAGCTCCTGTGTGTGTCTCTAGCCATGGGAGGAGGGGCGTTCATGGGGAAGAGGCGAGAGAGGGTCAAGCTCCCGGGAGTGGAGCTGACGGAGGCTGGCCAGGCATGGGAGGGCCAGCTGAGCACTGCAGAGAGCGAGGCCCTGGCTGTCCCACAGGCCCTCTCACAAGAGGGGGCTGGATCTGCTCCAACCCCTGGTGTGCTTGGTCTCCTTGAATCAGACCCTCCCCCGGCCCTAGCCCCTTTGGAAAGATCTGGGGGTACCAGAACCGCTGAGGTCCACTGAACCCACCCAGAGGCCACAGCTGGGGCGATGTTGAGGCACGTGGTGACAGCTGTGTCACCATTGGTACGGCCATGGCTATGGGGTGTTTGCTGTCCACTGGGCCTGCGCATCTCGTACCACACAGCATCTTCCAACAAACCCGTGAGCTGTTTCTGTTTTTTT	1291	36.84	8.83036405886909	6e-06	gi|83722567|ref|NC_007653.1|	Papiine herpesvirus 2, complete genome	virus	Herpesviridae	Papiine herpesvirus 2	dsDNA,linear,nonsegmented	tblastx	viral.1.1.genomic	172	285	123690	123577	0
contig_185	TGTGGCAAATCTGAGGCGGCAAATCTGAGGCGGCGAGCGATGCCGGAGTCCCTCCCGGGAGGCCACCGAATGAGTCCATGCCACTCCTGCCTGGGCCTGCCCCGTCCCGGGTGCAGCCCCCTCTGCATCCCACCCCCTAAATCTGGGAAAACCTGGCCCCTCCTCTATGTCCCCTCCTGTCCATGGGGGTCCCTTGAGGGGTATGGGAAGAAACCCCTGAACTCTTACTGCTCTCCCCTTCAGACGGCCGCTACCCCAGATTCCACCATGAAAGTGGTGGCCGTCACGCCCTCAGCATCTGTCCCCACTCACACCACAGCCCACTTAACAGACAAGAGTCCGGTTCGGGGCGGGAAGGATAGGATAGCAGAGCCCACTGGGCAGAGGTGGCACAGCGGTGACCGGGCAGCACAAGGCAAGCAGCTCAGAGCAAACATGCCTCGGGGGGCCTGAAACGGGGCAAGAACCCAAATGGTGCGCAGGATGCTGTGTGGCTGCTAATGGGTCAGCCCTTGGCAGGTATTGTGCTGAACTGTGAACCCAGGGGCACGTCCGGGTCAGAGGGCACGCACCACCCCTCGGGCTGGGCCTTCCTTCCCCGGGGGCCCCAGGGACTGGCCCTGAGTGGGGAGGGGCTGAGTCTGCTGCTGTCCTTCTGTCCAGCTGGACGGCTCGGGCCTGGCTTCCTGCCTTCTTCCACCTCAGGTTCAGGAGTGGTGGGGAAACTCTGGGCATGGGTGCCAGTGCCCTGGGCCCAGCATGGAGAGGAgtctgtgtggggagaggttgagtgtgtgtggtgtgtggtgtcaatgtgtttggggtgtgtgcatatgtgtacatgtgtgatgtgtgtgttgggtatatgttgggagtttgtgagggggttgagtgtgtgtggtgtgtggtgtctatgtgtgttggctgtgtgtgttgggtatgtgtatgtgtgtgcatatgtgtatgtgtgtgtatgtatgtgtgcatgggctgaagaaagtttgtgtgtgtgtgtgtg	1018	50.00	11.0019646365422	5e-06	gi|83722567|ref|NC_007653.1|	Papiine herpesvirus 2, complete genome	virus	Herpesviridae	Papiine herpesvirus 2	dsDNA,linear,nonsegmented	tblastx	viral.1.1.genomic	137	24	61679	61566	0
contig_360	ATCAGACACCCACGCCCACAGGGACACACACGGACCCACGCACACAGATGCACACACCCACACAAAAACATGCACACTGACACCCCCACAGGGACACACACACAGACCCACTCAGGAGGATGTACATGCTTACACACACACACTGACACACGGACCCACTCACGTGGATGTACACACTTACAAACATGCACACCAGCACTTCCACGGGAAAACACATGCACTCACACGGATGCGCACACACACATACACATGCATACTGACACTCCCACAGGGACACACAGACCCACTCATGGATGCACATGCTCACACACATGCATGCACACTGGCACACACACGGGCCAACTTACACGATACACATGCTCACACAATTTACACAACTTGCACATGGACACACACTCACTCTGGACATTCTTTCATACTCACACTCACTCTCACACTAGTGGGCACACTCACAGACACACACACGGGATGTCACCGAGCACCACGTCACCCGTCCCTCCAGCTTCCACAT	511	44.12	39.9217221135029	6e-24	gi|224020395|ref|NC_001664.2|	Human herpesvirus 6A, complete genome	virus	Herpesviridae	Human herpesvirus 6A	dsDNA,linear,nonsegmented	tblastx	viral.1.1.genomic	133	336	131921	131718	1
contig_2812	TCTAAAAGATAAAGTCTAAAGCAGGGGCCTGCTGGTCGAATCTGGCCCACCTGTCTCTGGAAACGAAACTTTACTAGAAAGCAGTCACACCCACTCACACCCACGCTCACCCACTCACACCCACACACACCTGCTCACACCCACTCTCACCCATTCACACCCACTCACACACCCAGTCTGACAGCCGCTCACAACCCTCCACACCCGCTCACACCCTCACACCCACTTGCACCCACTCACACCTGCTGACACCCAGTTTCACACCCACACACCCACCTGCTCACACCCACTCACCCACTCTCACACCCACTCATGCCCACACCCATTCACACCCACTCATGCCCACTCACACACTCACTGTCACACCCACTCGCACACCCACTCATACCCACTCACACACCCCCTCACACCTGCTCACacccactcacacccactcacttccatatgacccatgcttgtttccattcacaacaaaattgagtagttgcaagagatgctatatggcctggaaagcctaaaatatttaatgtctgaccctttaataaaaatgctgctgatccctggtctaaagaaaaaaatagcaatgtgtcatgtgtttatagcatctgtaaaagccaatgttataacaaaatagcacataggagggaagggaggaattagtaatattttgttgaaaggccctggtatgctacaAAAAT	698	38.46	16.7621776504298	1e-10	gi|224020395|ref|NC_001664.2|	Human herpesvirus 6A, complete genome	virus	Herpesviridae	Human herpesvirus 6A	dsDNA,linear,nonsegmented	tblastx	viral.1.1.genomic	135	251	132255	132139	0
contig_1342	gaagctgggaaggacaacaggagaagtggtggtctcattccACAGGAAGAAGTCGGATACAGAGTTGTATCTATACCTTCATCACAAATCTATTCAAATGGCATATGAAAACCGACTGGTTGTTTTAGGAAGGCGGGAAGGTAGAGTTTTATCTGCTTTCACCCAGTCTTCAAGATACCACAGTAATCTAATCACAGAAACATCGCATTTAAAACTCACGGCCCCCCAGGAAGGCCACAGCTAGGCCCAAGTATTGGGTTATGGGGCAAGGGTTCCAACAGGGCCCCTCCAGGAACTACCTGGGACCCCGAGCACCCGTCCAGGCCCTCAGGTGAGACGCAGCAGAAACCTCTGCGTGAAGCCGGGTCCAGTTTCAGGACACCCTGGAGAGGAGCTGAGGACACTCGTGGCTCCTCGTGACTGGCTGAGTGAGACGCCAGCAGAGACCACGAGGACCTCACGCCACACCCGCGGGAGCCTGCAGCATCTCCCCAACTCCGGAGCCTCTCTCTGTCCACACCATGAGGGTCCAGCACATCTCCCCCACACACCCACCCTCTCTCTGACATCACTTGTTGGGGGTCCAGCACATCTCCCCCGCACCCCCAGCCTCTCTCTGTCCTTCCCTCCGACACACCTACCAAGTGAGGCTTCCTTCTGGGAAAACAAAGAATGTCCAAGAGGTCATTTGGCTGCTGCCAGGGAGAACAGTGACGAGGGGTTCCAGCCGGCAGGAGGCAACAGTCACATGCCTGGGGGCAGGTGGGGCTGGGAGCTGGAAGCCTCTGAGCTGTGCCCACTCCAGGGAGGTGGCCGAGGGACAGTCTTCAGTGTCCCCAAGGAGCTGAGCTGCCTGTAAGTCACTGTAGGAGGCTACTACCCTGTGTGTGCCACACACACACAAGACGGCCACCAAAATCCTTCATGTTCTGAGGCTGAAAAGGACAAGCAGGCCATGTGGCAGGCATGTGGACCCCAGCACCCAGGGGTGCATTTGCCATCCACCACTGGGAAACACGCCATCTCCAACTTCAAAGCTAGAATAGTATTTATCCCTTCACTGGTTCTGAGGGTGGGAAGTGTCCAAGCACCGTGCTCCCAGTGCCGagggctgaggtcaaggtgtgggccgggcagagttctcctgtgctggcctcagggtgctggcagagtccactgccgtgtggctgcaagactggggtcactgcttgcttgctggctgtcagccaggcccacacccaggtcagcgtgtctcctctatcttcagagtcacccagcccagccccagaggaatcctcccgggccagatccctcccattttgaaccccagctgcccagaatttcaaggccccattaaggactcacctgaccagctcagggcccagcacatgcccccagtgaaggtccactgagcaagggccctcattacacctgcagaatccctccccagcagcctctggactgtggtgattggatgacagggggaaggtgtgtgccctgcaaggacgggcacctgggggccagtttaaaagtctgccttccCAGGGCTATGGGGAAGACGAGCGGAGGCCCATTCAGGGCTGACACAGCATTTCTGGGACAGCCAGCACCTCTGGACGCTGGCCTTGGCAGAGCCCATGCCCTGGACCAGGCCCATCCATGGCCCGCCTGTCCCCAGGGAGTGGCTCCTCCCTCCAGGACCCCGAGGCCTGTCCTGTCAGTGCCCATCCCTGCA	1735	39.02	7.08933717579251	1e-06	gi|51557483|ref|NC_006151.1|	Suid herpesvirus 1, complete genome	virus	Herpesviridae	Suid herpesvirus 1	dsDNA,linear,nonsegmented	tblastx	viral.1.1.genomic	1609	1731	110065	110187	0
contig_2471	TccctgagcctgcccctccctgagcctgcccctccctgagcctgccctTGTGGTTGTGGACCGATCAAAGCCCCCATGGCTCCCCGCCACCCCCCTTCCTGGGAGGTGACCGATACCAGAGATTAGCTGCCTAAACAATTAAAAATCCTGTTTACCGGCAACTGGGACTATTTCAGGTTTCACCTTTCAGCCAGTCAATGCCCAGTCCGTGCGGTCAATAGCAGGCTGTCTGTCTGGTGCCCAGGAAGCGAGGCTGGTAGGACCCACCATGGGGGCTTCTGGGAGGGGACAGTGGGGCTGTGTCCGAGAGGGTCGGGGGCAGTGCTGGGCCCTGGGAGACCTGGCAGGGAACCCCTTCGGGGCAGAGTCTAGGGGCTGCCTGGGGGCTCTGTCCTCATGGGGAGTCACCAGGTGGCACTGCCTGCTGGCCCTGAGCCCTCCATGCCACTCTTTCCTCCTCTCCAAATGGCaaaaaaacaaaacaaaacaaaaaaacagaaagaaaagcaaaaTGCAGCCTAGTCTATCCCCAGGGGCGGTGGGGTCGTCTGGGGACAACAGAAGGATGAAGGCCCAGGAGGAGGCAGAAAGGAGCTGATCTGGGGGTGAGGGAAACAGGGAGAGACTGACTGGTTGACTTTGGGAGGGGTGTCAGGGACGCTGGGGCCACTACCATGACTCTGAGGGAGACACAAGTTTTTCATGGGTTTTTCTCTGTGCAGAGTGGTGTAAGTCTGCTCTCACATCTCCCTTCCAGCAACCTTCAAGCAACCTCTAGTAGAGATTTGAAGTGGGAtttctttcttttcttttttcttt	819	36.84	13.6752136752137	4e-06	gi|83722567|ref|NC_007653.1|	Papiine herpesvirus 2, complete genome	virus	Herpesviridae	Papiine herpesvirus 2	dsDNA,linear,nonsegmented	tblastx	viral.1.1.genomic	317	204	123690	123577	0
contig_364	ACATGCATGTACAGATACACTCACACCTGCATGTACACACGTGCGTATACATGCATTGCACACATCGATTCACACATAGGTATGTACACCCATGCACATACACACTGCATATATGTGCAGATTTTCACACATACATGAGGCATCTGCACACGTGCACAGGTGCACTCAGTTTTTCACACTcatgcacatgcaggcacacatgcatgcacacatatgcacatacatcaataaatgcatAGCCCACACACATATTTACACATGCACGAAGCATTCTCATACCCATGAATACACGTTCATACATGCACACACAAGCATCCACTCAAGTACACATATTCACACATGCATGTACACACATGCACAGAAACACACATGCATGATACACATGCAACCCTTTCACAGTGCATGCACGGTGCACACACACATGCACACATTCACACACATTCAGTCATACACAGTCACACAGTAACACACACATTCACACACATTTACATATGCACACACATGCACACACATGCACACACATGCACACACCCAGATACCACGTGCACATGCACACAGATACACA	565	43.24	19.646017699115	4e-18	gi|224020395|ref|NC_001664.2|	Human herpesvirus 6A, complete genome	virus	Herpesviridae	Human herpesvirus 6A	dsDNA,linear,nonsegmented	tblastx	viral.1.1.genomic	289	399	131801	131691	0
contig_1374	GAGTGGGTGTGAGTGCCTGTGCGTATATATGAGTGTGTGTGAGTGGGCCTATGAGTATGTCTGTGAGGGTGTGCCTGTGTGTATACATGAGTGTGTGTGAGAGAGTGGGCCTGTGTGTATGTATAAGTGTGTGTAAGGGCGAGTATGCCTGTGTGTATGTAGAGGGGTGTGAGTGTGGCTGTGTGTATAAGTGTGTGAGTGTGCTTGTGTGTAAGTATGTATACATGTGCGTGAGGGTGAGTGTACCTGTGTGTAAGTGCATGTGTGTGCCTGTGCCTGTATGTGTGAGTGGGTGTGAGTGCCTGTGCCTGTGTGTATGTGTGTGTGTGAGTGGGTGTGAGTGCCTGTATGTATAGGTGTATGTATGTGTGTGTGCCTGTGTGTAAGAGTGTGTGTGTGAGTGTGGCTGTGCATATGTATAAGTGTGTGCGAGTAAAGGTGAGTGTGCCTGTGTGTAGAGGTGTGTGTGTGTGTGCCTGTGCCTATGTGTGAGTGGGTGTGTGTGCGCCTGTCCCTGTGTGTATGTATAGGTGTATGTATGTGTGTGTGCCTGT	554	41.38	31.0469314079422	3e-08	gi|224020395|ref|NC_001664.2|	Human herpesvirus 6A, complete genome	virus	Herpesviridae	Human herpesvirus 6A	dsDNA,linear,nonsegmented	tblastx	viral.1.1.genomic	175	2	132210	132037	1
contig_842	ATGGGTGTTGTCTGTGTGGATGAAGGATGGGTGTTGTCTGTGTGGATGAAGGATGGGTGTTGTGTGTGTGCACGTGAAAGGATGGGCGTTGTGTGTGCTTATGCAAAGCTGATGTGTGTGTGGATGAAGGATGTCGTGCATGTGTGTCAGTGAAGGCTGAGTGTGTGCATGTGTGTCAATGAAGGATGGATGTTGTGTGTGTGAATGAAGGATGGGTGTTGTGCATGTGTGTCAGTGAAGGATGGGTGTTGTGCGTGTGGATGAAGGATGAGTGTTGTGTATGTGAATTAAGGATAGGTGTTGTGTGTGTGAACAAAGGATAGGTGTTGTGTGTGTGGATGAAGGCTGGGTGTTATTTGTGTGGGTGAAGGATGGGCATTGTGTGTGTGGATGAAGTATGAGTGTTTtgtgtgtgtgtggatgttgtgtgtgtgtgtatgtgtgggtgtttgtgtgtgCGAATGCGGTTGTATGGGTTTGTGTGACTGTGTGTGATGTGTGTGTTCATTTGTGTGTTTGTGTGTGTGTGGATGTGTG	537	34.18	43.7616387337058	8e-15	gi|224020395|ref|NC_001664.2|	Human herpesvirus 6A, complete genome	virus	Herpesviridae	Human herpesvirus 6A	dsDNA,linear,nonsegmented	tblastx	viral.1.1.genomic	393	157	131927	131691	0
contig_4067	CATCAAGGCTGTTTGACTTGCCCTGGCCCAGAAGCCAGGATAACCTCTACTGGCCTATGTAAGAGCAGCTTGAATATAGTCCACTTTCAGGGACACATGTGCATGCACATACATGTACATATGCACCCACCATGCACACATGCAAATACACTTGCACACATGAACATGCAAATACATAACACACAGATGCACATGGGCACAGGCAAACCTGTGCACACATGTACACACAAATATATGCACATATGTGCACACAGGCATGCAAAACACATGCACATAAAACACACGTTGTCACACCTGCACAGGCAAACACATGTCCCCATAAGCACAGTCAcatgcacacaggcactcatacaggcacacatgtgtgcaggcatgtgtatgcatgcccttatgcatgtgtttgcatgcatgcaaacatacatacacatgcacaccaaatgcccatgcaagcacacatgtacccatgcacacacacaggcacacacgtatgcaggcacatgcaCACAAATACCCATGCA	518	37.50	27.4131274131274	1e-22	gi|224020395|ref|NC_001664.2|	Human herpesvirus 6A, complete genome	virus	Herpesviridae	Human herpesvirus 6A	dsDNA,linear,nonsegmented	tblastx	viral.1.1.genomic	434	291	131619	131762	1
contig_1774	TGGCAGGACCAGTGGCAGGGTAAGGGCCATGGCAGGAGCAGGGGCAGGGCCATGGGCATAGCCAAGTCAGGGCCAGGGCCAAGGCAGGGACCCGGCATGGGCATCATTGGGCAGGGCAGGGCCAGGGTACTGCAGTGCCCAGTTAGGGCTGGGCCAGGGCAGGACCAGAACCGGGACAGGGCAAAGGCCAGGGCAAAACCAGGGCAGGGTCATGGCCAGGGAAAAACCAGGGCAGGGTTACACCCAGGGACATGACAGGACCAAAACCAGGGCCAGGACAGTGCCAGAAGCAGGGCAGAACCAGGGCCAGGGCAGGGATATGGCAGGGCTGGGGCTTGGGACAGGGCCAGGTCAGGACCAGGGCCATGGCAGGCCCAGGGCTAGGGTAGCACAGGGCCAAGGCAGGGCTAGGGCCAAGGCATGGCCAGTGTGGGGTTTGGGCATTGTCAGGGCCAGGGCCAGGCCAGGACCAACACAGGGCCAGGGACCGGGCAACGGTCAAGGCTGGGCCATGGACAGGGCCAGAGCTAGGGCAGGGCCAGGAGAAGGCAGAACCAGGGAGGGTCCAGAGCAAGGGCAGGGCCAGGACA	590	42.42	16.7796610169492	6e-07	gi|83722567|ref|NC_007653.1|	Papiine herpesvirus 2, complete genome	virus	Herpesviridae	Papiine herpesvirus 2	dsDNA,linear,nonsegmented	tblastx	viral.1.1.genomic	266	364	66677	66775	0
contig_1451	CAGAACAGGCAGGGCCATGGTAGGGCCATGGCAGAGACAGGCCAAGGCGCAGCTGGGACAAATCAGGGTCAGGACATGTCCAAGTCAAGGTGAGGTACAGAACACGACCAGGACCATGACCATTGGCAGCACCAGGGCCATGGCAGGACCAGGGTCAGGACAAGGGGCAGGGCCAGAACCAAGGCAGGGTCAGCACAGGTTCAAGGAAGGTCCAGGGCAGTGGCAGGGTCAGGGCAGGGCAAGGCCAGGGTAGGAAAAGGCCAGAGTAGGACAAAACCAGGGAAGGGCAAGGCCTGGGAAGGGCAAGGCCAGGCCAGGGCAGGGCTAGGGTAGCATAGGGCATGGCCAAAAGCAGGGCAGGGTCATAACAGGGGCAGGACTAGAAACAGGGCCAGGGCAACTGCTGGACCAGGGCAAGTGCTGGACCAGGGAATGGTGGGGACAATACAGGGCCAGGACAGAGGATGGCAAGGCAGGTCCTGTGCCCTGTAATGGACAGAGTAGGCCTGGGGTCAGGCCAGGGTAGGGCCAGGGCCAGCACAAGACCAGGGAGAAGGCAGGGCCAGGGCCAGCTCAGGGACAATGCAGGGCAAGGGCAAGCTTGGG	606	46.43	13.8613861386139	6e-08	gi|56694721|ref|NC_006560.1|	Cercopithecine herpesvirus 2, complete genome	virus	Herpesviridae	Cercopithecine herpesvirus 2	dsDNA,linear,nonsegmented	tblastx	viral.1.1.genomic	233	316	72283	72366	0
contig_2085	CATCCTTCATCCACACACACACAAAACACTCATACTTCATCCACACACACAATGCCCATCCTTCACCCACACAAATAACACCCAGCCTTCATCCACACACACAACACCTATCCTTTGTTCACACACACAACACCTATCCTTAATTCACATACACAACACTCATCCTTCATCCACACGCACAACACCCATCCTTCACTGACACACATGCACAACACCCATCCTTCATTCACACACACAACATCCATCCTTCATTGACACACATGCACACACTCAGCCTTCACTGACACACATGCACGACATCCTTCATCCACACACACATCAGCTTTGCATAAGCACACACAACGCCCATCCTTTCACATGCACACACACAACACCCATCCTTCATCCACACAGACAACACCCATCCTTCATCCACACAGACAACACCCATTCTTCCATACGCACACACACACCCCCAGCCTTCCATACGCACACACACAGACACACCACAGACACACAGACACTCCACACCCTTCATTCTCTATCACAGGGATGACAATATCACACACACACACCAAGATCGGAAGA	567	24.82	72.4867724867725	2e-10	gi|224020395|ref|NC_001664.2|	Human herpesvirus 6A, complete genome	virus	Herpesviridae	Human herpesvirus 6A	dsDNA,linear,nonsegmented	tblastx	viral.1.1.genomic	8	418	132210	131800	0
contig_1220	GGAGGGGGAGTGGCCTCCCAGGATCAGGGCCGGGATGAGACTCGAACCTACACTTCCCATGTCCATTAGGAAGTCTCGATCCAGGGTCTGGGGGTCAACGCAGTCGAGGACTGGATATCTGCAGGTGGCTAGGGGCAGTGTCTAGACCCGTGGAGAGGTGGCACCACGCTGCAGTGACAGCTGGtccccaccacctctgcagagaggttgtcatcccattgtacaggttgagaaactgaggtcatgagtgtggcttgaagggacagtaagtggggagtgggattcaaacccgggtcCAGGGCTCTGTCATCGTCCCAGAAGGAGCACTGTTCTGCCCCTGCTGCCAGGGAGACCACCAACCTCCAACCCCTCCAGCCAAGGGCCAGCCCGGCCCGGGTCAGAGGGTACAACTGGGGACCACCAAGGGCTGGGAGGGGACCCGTAACCGGGGCTGGCCGGGCACCCTGCAGCTCCCCCACAAGCATTGCCTGGGCACCCACCATGTGCCACCACAGCTGCACCTCCGTGTCACAGCAGGGCAAGCCAAGCTTCCAGAAGGTTCTCTGTTACTGCCTAACCCTGCACAGCTAACAGGAGAGCCGGGATTCAGCAAGAGTCTGCGGACCCTGGCCTGGTGCCTCTTGCCCCATCTCCAGGAACTGATGCGGCTCCTGCCCCGGGGAGCTTCCAGGCCAACAGCAGAGATAGGTGAGTCCACAGGCTGTGCCAGGACTGACCCCTCTGCACATGGGGCTGCGTCAAGGTCACGGAACGACGGAAACCCTGGCTGGAGGTTTTCTCCGTGGTGCCTTGTTCATGTATCTGGCCTCTCCACTGACATGGCCTTGGAGGACCTTCTGAGCCCAGTCTGCTGGGAGCTGGCAGATGGTGATGATGTTAACAGTGATGATAGGTGTATGCCcacacgcacacaggcacacgtcaacacacagtgacacacacaTTTGTTTATACTAAAACACAGGCCTCCCCAGGGGCTCCTGCATGGAGCCCTGCCCCCTCCCTGTGTACTGGGGCAGAGGTTTCCCAAGAAGCCCGCTAGGGCTTCAAGACTGAAACCAGGCGGCTCACAGCTGGGCAGTGGCAGGACTGAGATTCGATCATGGACCTTGGACCCTGACCACTCCCCTTTGATCTCCAACCTTAGACCCACGGCTCCCACATTGAACTCTCTGTGCCCAGAGCCGAGGAGGCCCCCACCAGTG	1226	40.91	10.7667210440457	9e-07	gi|83722567|ref|NC_007653.1|	Papiine herpesvirus 2, complete genome	virus	Herpesviridae	Papiine herpesvirus 2	dsDNA,linear,nonsegmented	tblastx	viral.1.1.genomic	278	409	60393	60262	0
contig_4126	TGGCCACACCCCCTGAGGCCCTCTGAGGAGGAGAGGACCCTAGAAGCTGGCACCACCAGCCTTCATCATCACTTTCAAAGGTCAGCAAATCAGACCGCACGCCCCGCCCTCTGCCACACCACTTCAGAACTATGTGTGTACCCCAAAATCACACCCGTACCCTCCATCCCTCGTGCCCCTCCCACACCACTGGTGGGGGCCTCCTCGGCCTTGGGCACAGAGAGTTCAATGTGGGAGCCGTGGGTCTAAGGTTGGAGATCAAAGGGGAGTGGTCAGGGTCCAAGGTCCATGATCGAATCTCAGTCCTGCCACTGCCCAGCTGTGAGCCGCCTGGTTTCAGTCTTGAAGCCCTAGCGGGCTTCTTGGGAAACCTCTGCCCCAGTACACAGGGAGGGGGCAGGGCTCCATGCAGGAGCCCCTGGGGAGGCCTGTGTTTTAGTATAAACAAAtgtgtgtgtcactgtgtgttgacgtgtgcctgtgtgcgtgtgGGCATACACCTATCATCACTGTTAACATCATCACCATCTGCCAGCTCCCAGCAGACTGGGCTCAGAAGGTCCTCCAAGGCCATGTCAGTGGAGAGGCCAGATACATGAACAAGGCACCACGGAGAAAACCTCCAGCCAGGGTTTCCGTCGTTCCGTGACCTTGACGCAGCCCCATGTGCAGAGGGGTCAGTCCTGGCACAGCCTGTGGACTCACCTATCTCTGCTGTTGGCCTGGAAGCTCCCCGGGGCAGGAGCCGCATCAGTTCCTGGAGATGGGGCAAGAGGCACCAGGCCAGGGTCCGCAGACTCTTGCTGAATCCCGGCTCTCCTGTTAGCTGTGCAGGGTTAGGCAGTAACAGAGAACCTTCTGGAAGCTTGGCTTGCCCTGCTGTGACACGGAGGTGCAGCTGGGGTGGCACATGGTGGGTGCCCAGGCAATGCTTGTGGGGGAGCTGCAGGGTGCCCGGCCAGCCCCGGTTACGGGTCCCCTCCCAGCCCTTGGTGGTCCCCAGTTGTACCCTCTGACCCGGGCCGGGCTGGCCCTTGGCTGGAGGGGTTGGAGGTTGGTGGTCTCCCTGGCAGCAGGGGCAGAACAGTGCTCCTTCTGGGACGATGACAGAGCCCTGGACCCGGGTTTGAATCCCACTCCCCACTTACTGTCCCTTCAAGCCACACTCATGACCTCAGTTTC	1182	40.91	10.9983079526227	2e-06	gi|83722567|ref|NC_007653.1|	Papiine herpesvirus 2, complete genome	virus	Herpesviridae	Papiine herpesvirus 2	dsDNA,linear,nonsegmented	tblastx	viral.1.1.genomic	1136	1005	60393	60262	0
contig_341	GCTCTTCGAGCtgtttctgtttttttgttttgttttgtttttttGCCATTTGGAGAGGAGGAAAGAGTGGCATGGAGGGCTCAGGGCCAGCAGGCAGTGCCACCTGGTGACTCCCCATGAGGACAGAGCCCCCAGGCAGCCCCCAGACTCTGCCCCGAAGGGGTTCCCTGCCAGGGCTCCCAGGGCCCAGCACTGCCCCCGACCCTCTCGGACACAGCCCCACTGTCCCCTCCCAGAAGCCCCCATGGTGGGTCCTACCAGCCTCGCTTCCTGGGCACCAGACAGACAGCCTGCTATTGACCGCACGGACTGGGCATTGACTGGCTGAAAGGTGAAACCTGAAATAGTCCCAGTTGCCGGTAAACAGGATTTTTAATTGTTTAGGCAGCTAATCTCTGGTATCGGTCACCTCCCAGGAAGGGGGGTGGCGGGGAGCCATGGGGGCTTTGATCGGTCCACAACCACAAGGGcaggctcagggaggggcaggctcagggaggggcaggctcaggGAAGGGCAGGGCCGTGGTGGGCAGCTGTGGGGGAAGGACAGGACCAGCGGTGCCGGGCATCACCTGGGCTCTGTGTGGGCCCAGCAGGAGGCCGTGGCAGACACTGTAGGGTCTTTCCAGGCCCCTCAGCCAGGATGCCCGGCCCCAGGGCCCGGCTCAGGCCCAGAATGCCGTCCCCGAGGCAGCTGTGGGAGCGGCGCCGCCTCTGAATCCCAGCgtttgatcccctctctgccactttctctctgtgactccttgagcatgttgcttacgcctcatgtgcctcagtttcctcctctgtacagcaaggaGGTTGCGGGAGATGCTGATCGGAAGAGCACACGTCTGAACTCCAGTCACCTTGTAATCTCGTATGCCGTCTTCTGCTTGAAAAAAAAAA	912	52.38	13.8157894736842	6e-09	gi|9629267|ref|NC_001798.1|	Human herpesvirus 2, complete genome	virus	Herpesviridae	Human herpesvirus 2	dsDNA,linear,nonsegmented	tblastx	viral.1.1.genomic	590	715	77361	77486	0
contig_380	CCTGCTCTGTGCTCTTACAGGGCCTCGGGAATTTTTGAGACATGTGGCTCAGGACGTGTTCAGGTGGCAGCCTGATATTAGGGAgccagctggtgacttgggataagtcacaccccaccccacgtttctgtgccccagattcctccatctctgaaaGGACACTGCTCGGCCAGGCGGCCTCCAGAGGGACTTCCGGCACCACTGGCTTGAAATGGGGTCCTGCAGGGAGCCTGTGATTCCAGCGCAGCCTGGTGGCCCTGGGGACAGTGGCCTGTTTGCTCCCCATGCTATGGACGTCTCCCGTGCTTTCTGCATCCCTGTCTGCTTTGATGGCACGGCAGGCACGCTTTTGGATGCCCCACACATGGGGCGTTCGCCGTCAGGGTCTGGAGGGTCAGTAGGCAGGGTGCAGTCAGGCGACTGCGGAGCCGTCTTCCGGATCCCCGCCCCTCTCTCCCCCCTCCGCGACTCATGCCTCTGACCCCGGCTTGCCTGCTGCGCCTGAGAAGGAGGAATCCTGCTGGGAATGTGGGAATGACCATATTTACAACGCCGGGGCTCCCGGTGGCTATTGGCCTGGCCTGGCTCCTCCAGGGGAGCGAGGACTTCACGCCAGCTGGAAGCCAGGCTGTCTCTCTCCCTCAGCTTGGGCTTGGCTTCAGGGACCCAGGCTGACTGTGCTTGGAATGGCCTGTCTGGCAAGGAGGAGTCAGCCCAAGGAAACCAGGGGAGAGGGCGAGCTTGTCTGCAGCGGACCAGGCCGGCTCCTTCCTGCTTGGAGCCCCCAGCATCACTGCCAGAGAGGCCACCCTGCAGAGCCTCTCCCTGTCCACCTGGCAACCCCCAGGCTCTCCAGGGCGGGCTCTACCGGGGCTGAGGCCGCAGAGTCTGACCGGTCCGTCAGGATCTACCCCACCCTCTTCCTCTCTGCGAGACCTTCCCGTTTCCCCACGATGAGTGTCCTGGGAGCACTGCAAAGGGACCGCTCCCAACTTTCAGAGACAGCGAGGGCTGGCCAGCCACGAGCAGCCAGATGGCAGGAGAGCATCCCACCGCTCCCAGTACCTGGGCCCTGCAAGTCCAGGAACCCTTTCAACCCGTGAGTCACAACTTCTCCAGATGCCACCAAATTCAGTCTCCAAACAAAACCCATGAGTGGAAGATGATGGAACACGAACCGCCCTGCGGGCCCCGTTTCCAGCTGGTGGTGCTGGAGGGCCTTCTGGGGGCCACCTGGCCAAGCAGTGTCTTTTCAGACATGGAGAGAATGGGGCCACAGGAAAGTGAGGAAGGGCCTGACATCCCAAGTCACCAAGTGGGTGCAGAATCTCCCCCAGAACGCAAGTCAGCTAAGCCCTGGGCTGGAAATACCTTTTGTATCCACAGCACTGACACACTGGTCCAAGCCAGGGGCGTGAACTTTACAAATGTCTTTTGACAGAACACATGACTATCTGAAGACACAGCCTTCTCAGTGGCAGCGGCAGTGgcagcagcagcaacagcagcagcagcaacagcaacagcaTCGTAGTcaacaacagcaataataatagaaacagcaacatagcagtagcagcaacaacagcagcagcaacagcaatgtcagcaacaggtagcagcagcaacaataacaaaagcaacaacagcagcaatagcagcaacaacaacaagaggagcaacaaaagtagctgcaacaataacaaaagcaacagcagcaacaacag	1727	46.88	5.55877243775333	7e-06	gi|56694721|ref|NC_006560.1|	Cercopithecine herpesvirus 2, complete genome	virus	Herpesviridae	Cercopithecine herpesvirus 2	dsDNA,linear,nonsegmented	tblastx	viral.1.1.genomic	752	847	116202	116297	0
contig_5089	CAGTGACTGGAGTTCAGACGTGTGCTCTTCCGATCTTGACATTGATTCCAGCCCTCAAAGCAACGGGACAAAAAACAAACAGGAGGCTTCCCTCCCGCCCCGCCTCCCTCCAGTCCCAGCCTGCGCGATGCCGGCGGCCTCTGCATCCCGGTCCTGAGCACACTGGGGGTGACCTGACCTCGGTCTGTGCCCGGGGGGATCCGGGGGTCTTTGGAGGCTGCTCTCCGACTCCAAGTGGGGGGAGAAGCTGCTACCCAGGACCCCACTGAGCTGGCCCGAGGCTACCGGGCAGCCCCCAGTGGCCACCCACTGGGCTTCATGATACTGGATGTGGATTAAGGAATATTGATGTTTGCTCGTCACGGAGGACACACTGTGCACGTGTGGGGTCTCCAGAGGAAGGAGAGGCCCAGTCCCTGTGCTCAGGGCCCAGGTGCACACACACGTTGTCCCCCAGCCAGGGAAGGCCCCGAGACACTGTGTTCCAGCCACAGGGAGAGAACAGAATGTGCGCCATGTCCTATGCTGCTCCCGTCACTCCTGAGCCCGTCCCAGCCCAGAGGAGCCACACTCAGGGGAGGCGGGTGTCAGATCAGAAAGCACTGGAGTCCCCTGCGAATGGAGCGTGAGAAGGGGCTTGAGGTTTGATGTTCCAGCCCTGGAGCTGGGGAAAAGGAAAGGAGGCTTGGAGAAGGACCCCCGCCCCCAGCATCCTCCAGCCAAGGGCTGGCGGCAGCGTTTCATTGAGACTGCAGAGTTATCACGTCGCCCCCCCACAAGCCCCGCGTGGGTCAGTGTCCAGCATCCGCAGAGGACAGCCTGGTGGAGATCGGAAGAGCGTCGTG	845	56.00	8.87573964497041	3e-06	gi|56694721|ref|NC_006560.1|	Cercopithecine herpesvirus 2, complete genome	virus	Herpesviridae	Cercopithecine herpesvirus 2	dsDNA,linear,nonsegmented	tblastx	viral.1.1.genomic	81	155	121433	121359	0
contig_5280	GCTGCCGCCTACTCCAAAGGAAACCCTGATGGCCGGGGCTTGTCTAAGGAGATTCAGGTTCCCTGGGGCCAGGGTCCCTCAGGTCTCTCAGGGACCAGGGGAGGCTGCAGGGCTGGTGATGCCCCAGGGGGCCAGGCCACTCCCCGCCAGCAGGAGGGCCTGCTTAGAAGGGGTGCCTGGTAGGACCCTGGTAGGAGGGACCCATGGACAGCAGGGTTAACAGATCCCTGGGCCGCTCACTGAGCACCTGTGCTGGGCTTGCTGCACCAACCGTGGGCTTGACCCAGTTCATTTCTCCCTCCCAGTCTCCTGGTCTACAAGCCAGAAACCGAGACTCACTCACGTTCTGATCTGGTGCGTCTGGAAGCCTGCACCCCCTTGGTTGGGCCAACTGCCCCTGTTGTCATCCTCTCGATGATGTCCTGAGCATCGGATCTGGAAAACTCTTCTAGGCTTATCCAGTGCAACCCGTGAAGGGTGCATGAGAAAACTGAAGCCCAAGGCCCCAGGGCCAGGGAGGGTCAGAACTGGGAGTGGAGGGGAAGCTGCCTTCCCGACACCCTGACCCAGGCAGTGAGCTTCCTTTAGAGTTGATCTTCCTTTAGAGTTGAGGCCAGCACCTCATGCAGTGGGGACGGAGGAACTGCCAGGGCTCTGTGGAAGACCCAAGGCCCGGGGCCCAGGAGAAGGGCTGCCCGTAGGTCTAGAGGATCCAACAGCTCAGAGGCACACTGGCGTTCCTGATAAAGAAACCTCAGCTCTGAGGTGCCAATTACGAACATTTAGACAAAATGCCAGCTTAAGTTCTCCCCACCGTCAGGCAGGGTTGGCAGAGAGCTAGACCACGGGCCCAGTGCGACCGGGAAGCAGAGAGCTAGACTATAAGCCCAGTGAGACAGGGAGGTAGAGAGCTAGATCATGAGCACAGTGCGACCAGGACTGCTGCTCCCCTGCACACAAAAAGGTGCTCAGGGCATACTGGGTGAGTGGAAGGCGGTGGAGGGGACAAGCTTGGACGTCTGGTCTTGGCCTTGCATCCAGGCTGTCCTCAAATCTGCTCTCGGTCTCCAGTTCCTCATCCCTCACGAGAGGGTAGAGTGAGGCCATCTCTTGGGCTCCTTCCTCAGGCCCCAAAACCTCCCACTTCTGGTATCTGCTGCCATCCCAGAGTGCTCAGGTCTGGCGTCCTCGTGGGTGCATGGAAAAGGCATCCACAGGGACCTTGCAGGAAGGCCCAGGCCACAGGCATCACAGGGCTCCAGCCAAGAGCCCCACGTGCTCACCCTGGGGAAAAGGCTGCTGTGGAGCACGACCAGATGCACCTCTAAGTTCTGCTGCCACAAATGGGCTCTGTGCAGTAGCTGAAGAAAGGCCAGGGTTTTGTAACTGTGAGT	1394	30.38	17.0014347202296	2e-06	gi|30984428|ref|NC_004812.1|	Macacine herpesvirus 1, complete genome	virus	Herpesviridae	Macacine herpesvirus 1	dsDNA,linear,nonsegmented	tblastx	viral.1.1.genomic	5	241	19142	19378	0
contig_1776	TGCACACGGAAGGCACCTCCTGGACCCTCGAGACCCCACTCCGCTGGGGGGCTGTGTGAGCATCAGAACGTCTGGGGCCGGGGGGGTGGCTTTTGCAATTCTCCAAGGGGGTGGGTTCATCAAGATCCTGTTAATAAGCCCTGTCTCGCCAGAGGCAAAGAGGTATCACCCTTCCTCTGGGGAGGGAGCGAGGAGGTGCTGACGGGCCGCCCCGCCACCCACACTCAGGGAAAGGGAGTGCCGGGGTCAGAGGGACGCTGGGGAGGGACGCCGGGGAGGAATGCAGGTGTCAGACGGACGCCGGGGAGGGACGCGGGGGTGTCTCCTTTCTGCATGAGTGGAGGGCAGAGGGAGAGGCTGGAGAGAGACTGAAGCCCTGTTCTTGTTCTCTAGAGCTGCTTTGTCCAAGGGCTTGTTCCAGCCACAGGTGGTTGGTGCCCCCCCGCCACCCCTGCTGGGGCGGCACATGGCGTCCTCACCAAGTCTGGCACCGCCACTCCCCAGCAGACCACAGAGCAGGCTGTAGCTACAAGACGGGCCACTCACCTGCCCACAGCCCCTGCTCAACCTCAGCAGGTCAACCAGGCCTCCAGGCTGCAGGGAGGAGACAGATGGGGAAACCGAGGCTCAGAGCAAGAAGGTGTGGGGACGGGGAGGTCTCTGTCCATTTGCACATCCCTGTGGGGAAGCCCCGCTGAGCACGAGGGGTCTTCAGAAGACCCCTCCACGTTGCCTTTGGACCCTGCCTCTGCCCATTAACCAGCGGGGCTGCCTCCGTAccctgagcctccgtttccccatctgtcactaaggatgacaatacgactacacccctggggctctttcaggattaaacgcagtggggctctcagtgcctgggatacagcaagcATGCTAATTTTCATCACGTGCAGACATTCCTTAAACACCAGTTTTCTTTTCTAGATC	948	57.14	6.64556962025316	4e-06	gi|51557483|ref|NC_006151.1|	Suid herpesvirus 1, complete genome	virus	Herpesviridae	Suid herpesvirus 1	dsDNA,linear,nonsegmented	tblastx	viral.1.1.genomic	259	321	126854	126792	0
contig_693	TGATATGAGCTCAGAGAACAATGATAGCAGTAGTAGCCATTGTTTTTAGAGCCCTTTATGAAGTGATAGTTTCATCATCATTGTCGGCTTGTGCGACCTCCTTTGACCCTCAGAATAGCTACTCAGGCCGTAGTGCTGTTTTTGCCACTTGAAAGATGGGAAACCCAAGACTCGGGGGGATCATCATCTTACATAAGGCCATGGACTATTGGGGAAGTTTATCTTCCAGGATATGCTCATTTCCTCTGCAAGGTGACTGGGGGGCAGGAATGTTGGGGGTCGGTGACATTCAGAGTGTCCCTCTGGGGTTACAGACACCCAAAGATGTGCCCAAAGACACTGCCAGTCACACGCTCCGCCAGGGTGGGCACAGCCGGTCACAGCTCTTGATTTCCCCGGTGGAGATGCCCGCACCTGCATTTCCAGGGGGTCCAGCCTCACCCTCCTGGGCTCTACCCCACCACCGATTCCACCCACCTGTGCTGTTCGCTGTTGGCTTCTGCCCCAGAGCACCAGGGGCACCGCTGGCTCCTGCCGCTGCAGCTTCTGTGCTTCTGGGAGGCGTGGCTGTGGGAATGGGCTTTCAGCATGAAGGGTGCTTTGGTCTCTGTGCAGGGATGGGCACTGACAGGACAGGCCTCGGGGTCCTGGAGGGAGGAGCCACTCCCTGGGGACAGGCGGGCCATGGATGGGCCTGGTCCAGGGCATGGGCT	713	50.00	16.5497896213184	8e-06	gi|9625875|ref|NC_001348.1|	Human herpesvirus 3, complete genome	virus	Herpesviridae	Human herpesvirus 3	dsDNA,linear,nonsegmented	tblastx	viral.1.1.genomic	673	554	21004	20885	0
contig_4015	GTGTGTCCTCCTCCtgccacctgggacagggtcagagcatattcctcagtgtggctgtgctgcctcccagaacccaacaggcctccagggtctgtgcttctttccttgcagcaggtggtgcagagacaaccatctggctttcactttggaggagaGGCCCAGGAACATCCCAGCAACTGAACAACACCCTGGCCACCACGCAATACCCCAACCTCCGAGCAACACTCCAACCACCAAGCAACACTCAGACCACCAAGCAACACCCTGACCATGGAGCGACACCCCAGCCACCAAGCGACGCCCCAACCACCGGGTGATGCCCCAACTGCCAAAAAACAGCGCGACCTCCTAGGAACACCCTGGCTACTGAGCAGCACCCCGACCTCTGAGCAACAACCTGACCACGGAGCAACACCCCGACCACCAAGAAACACCCTGACCACCACGCAACACCCTGACCACCAAACAACACCCCAACCAACACCCCGACCATGGAGAGACACCCCAACCACCGAGTGATGCCCTGACTGCCGAGCGACACCTCGACTGCTGAGCAAC	558	48.15	29.0322580645161	1e-11	gi|51557483|ref|NC_006151.1|	Suid herpesvirus 1, complete genome	virus	Herpesviridae	Suid herpesvirus 1	dsDNA,linear,nonsegmented	tblastx	viral.1.1.genomic	222	383	108677	108516	0
contig_1466	agggacattgtgagaagtgacctagaaggcaagaggtgagccctctgtcacgcctgcataagggccgcttgagggctccttggtcaagcggtaatgccagtgcctgggaaagcacctgttacttagcagCCTATTGGTTAGGGTTCTTCTGTGTGAGAGTGAGTGTGAGTATGAAAGAATGTCCAGAGTGAGTGTGTGTCCATGTGCAAGTTGTGTAAATTGTGTGAGCGTGTGCATCGTGTAAGTTGGCCCGTGTGTGTGCCAGTGTGCATGCATGTGTGTGAGCATGTGCATCCATGAGTGGGTCTGTGTGTCCCTGTGGGAGTGTCAGTATGCATGTGTATGTGTGTGTGCGCATCCGTGTGAGTGCATGTGTTTTCCCGTGGAAGTGCTGGTGTGCATGTTTGTAAGTGTGTACATCCACGTGAGTGGGTCCGTGTGTCAGTGTGTGTGTGTAAGCATGTACATCCTCCTGAGTGGGTCTGTGTGTGTGTCCCTGTGGGAGTGTCAGTGTGCATGTTTTTGTGTGGGTGTGTGCATCTGTG	545	43.84	40.1834862385321	2e-21	gi|224020395|ref|NC_001664.2|	Human herpesvirus 6A, complete genome	virus	Herpesviridae	Human herpesvirus 6A	dsDNA,linear,nonsegmented	tblastx	viral.1.1.genomic	326	544	131939	132157	0
contig_17809	tggctggggaaggtggctgagtggtgtccacagaacaggtcatcgtatacacttgattattaaaatccgcctctgcCATCGGGCCTCCTCTGCCGGGAGCTGAGAATTCGGCCGCTGCCATTGGGCCTTCTCTGCTGGGAGCTGTTACAAGCTTCGGGTGGGGTGGATGATGAGGAGGCAAGACCCAGTGTGGGTGTCCATCTGGGTGGCTTGGACAGGACAGCCCAGGACCCCTGCTGTCCACCCTGGAGAGCAGAAGCTCTGAGCTCTCCCCCAGCCACCTCCTTCTGTGCAGTCCCTGGGAGAGGGGCAGGGAATAGGTGCCCAGAGTGGGACCAGGCGTCGTTTGGTTCTGGAGCTATAGGCAGCTGCAAGAGATGCTGGTGAAATCTGCAGGGATGAGGTCCCCTCTGAGCCTTGGGGCTTTGCTGGCAGCATCGCTGTGGCCTAGGACACAGGGAACAGAAGTGGGTGGCTAGGATCAGGCCCTTCTTTCTCCCTGGAAATGGAAATCTGTCTCAACCCAGAAAAATACTCTGCAAGAGCTGGTGAACTCGCTGGGGTGAGGGACCTGCTAGCTCCCTTCCCTGCCTGTGGTCCTTGTCCCCTGCAGGACTGGCCCTGAGTGGCTGGGGGCTGGGCACCATTCCTGATTGTCCAGCAGTGCTGGACTGGGGAGGGTCCTCACCATGGGTATGTCCACGGAGGGGGGCTCCTCCCTCAGCCCCAGCACTGCTCCCCAACCCTGACCCTGCTCTTCCACTCACCCCCTGCAAAGATGAGCAAAGTTGCAGCTCCAAGGGGCTGGGGCGGGCAGCTCAGAGAAGCCCAGGCTGCCCACTTCTGCCGGCTCGAAATGACTTCTATTTGCTTCTAGGATGGGTCAGTGTGAGTCCTCTACAGAGGAGAAGCAGGcagacccacagaaacacttatcgcccccacccgacgcacacacccacacTGAGCTGGGGCATCGAGCAGAGGGACGGAGCGGGAGGAGCAAGTCTTCGGCGTCCTGGGGCGGGGACATGGAGAGATCAGAGGTCAGCAGGGCAGTGTTACCAAATGTTCTCCAAGCTAACTCTATTTAACTCTGTTGAAT	1105	39.39	8.77828054298642	5e-06	gi|83722567|ref|NC_007653.1|	Papiine herpesvirus 2, complete genome	virus	Herpesviridae	Papiine herpesvirus 2	dsDNA,linear,nonsegmented	tblastx	viral.1.1.genomic	645	547	17237	17335	0
contig_1415	CCCCCTGCCCCGCCAGCACAAACGCACCCAGTCTCAACCTGACTCTCCTGCCCTGCCTGAGACTCAGCTCCTCTGCTCCTCCTGGGTGCTGCTGTCAGTCCCACcctcctcccacctcctccctcctcctTAAGGCCCATGTCTTCAAGACGCTCTCCTTCCACACTGTCTCCATTTCCCTTTGCACCTTCCCTCCCCGTGACAACAGATCCCCTGCTCTCTGCTCTCACCCGCACAGCCCACTTCCGCTGTGTCACTTCCCCAGCTCGACTCTTCCCACGGGCTGCATCCCAGCTGCCCAGACCCTGTCCTGtccttccctccctccctctctgcttccAGGCAGTGGAGGAGGCGCAATTCTTCCAGACTGAGCTCCCAGTGTTGGGGCTTTGAGATGCAAGAGTCAGTTCTGGCTGGTCCCAGGTGGAAGAGACAGAGAATGCTGGGCTGCTTGTGTCTGGCTTTGGATGTGCTGGACACAGGATGGGCAATTCGAGGCCGCCCTCTGGACCTCCCCGAGGCTTCAGGAAGCTACTGAGCTGTGGGAAATCCAGGCTGGGTTTCTGGTGGAAAGTGAGGAGGGGCAGAGTCTGGGGGCCAGGCCTGAGATGGACAGAGCTGAGGCCTCAAGGAGCCCACAGTGGAGGCAGAGGACTGGAACCTAGGATGGGCTGGAACCCAGTTTGACCCAAGTCACCAAGAGGCAGGGAAGCCCCAAGTGCTGGGCAGGCTACGAAGGAA	744	45.95	14.6505376344086	8e-06	gi|30984428|ref|NC_004812.1|	Macacine herpesvirus 1, complete genome	virus	Herpesviridae	Macacine herpesvirus 1	dsDNA,linear,nonsegmented	tblastx	viral.1.1.genomic	221	111	119884	119774	0
contig_662	GTCTGTATCCTTCACTTCTGGTAGTTTGACTGTGGTGTGTACATGTGTGTGTGGAAGAGAGGTATGTGTATGTGTGTCTGTGTGTGACTATGTGTCTGTGTGTACCTGTATGTCTGTGTTTGTGAATGCCTGTGTATGCCTGTGTATGTCCGTGTGTGTCTCTTTGTGTTTGTGTGTATGTCTAGGTGTGTGTTTCTGTGTGTGTGTCTATGTGTCTGTGTGTCTGTTTGTCTATGTGACAGTGTGGTGATGTCTCTGTGTGTCTGTGTGTCCCTGTGATAGTGTGGTGGTGTGTCCTTATGGTGATATATCTGTGTGTCTGTGTCCATGTGAGAGTGTAGTGCTGTGTCCATGTGGTGATTTCTCCGTGTGTCTGTGTGTCCGTCCATGTGACAGTGTGGCAGAGTGTCTGTGTGGTAATGTCTCCGTGTGTCTGTACATGTGACAGTTTGGTGGTGTGTCCATGTGTCCCTATGGTGATATTTCCATGTGTCTGTGTGTCTGTTTGTC	510	48.86	51.7647058823529	2e-13	gi|224020395|ref|NC_001664.2|	Human herpesvirus 6A, complete genome	virus	Herpesviridae	Human herpesvirus 6A	dsDNA,linear,nonsegmented	tblastx	viral.1.1.genomic	243	506	131993	132256	0
contig_8128	CCTACACGACGCTCTTCCGATCTAAACAGCCCCTCTGCGTTCCAGCCCTGTCCCCACGTTCAGCTCTGAGAAGGTGCCAGGCTCAGCTTTCTGATCTGCAAGTGGGTTGATGCTGAGAGCCTGTCCTCACCCGAGCAGTGCTCAGCCAGGGCCTCACGGTGGCTCGACAGGCGCTGAACGGGGGAGGAGTGGGTTTTGGGAAGTGGGGAGGGTGGGGCCTGTGCCTGTGTGCGGGGGTCGCAGGGTGGGGTCCTGGGAGAAGGAAGAAGAAGGAGGCAGCGCCCACCCGACCCCCGACCTTCTAGACCGATTCCCACAGAGAAGAGCTCTGATCTCAGGTGGCCGGGCTGTTACAGCCACACCTGTGCCACGGCCATCACAGGCCATCTTCTGTTCCGTGGCTGCCCTGGGTGACCTTCAGCCTGTGGGGCACACGCCTCAGCTGCAGGGTCCTCACTGCCTCCCCTCCACTCACCCCTCACCGAGAGCCACGGGGCGGGGGGTTCCAAAACTAGCCAAGTCACCCCACATCCTGCAGAACTGGTGCCATGAGGTCCGGCTCCCCACACAGCCTCCCCCTGCCCCCCACAGCCTCCCCCATGCCCCCAGGAAGAACAGCAGGTCCGCCCCAGGATCCCTGGGCCCCCAGCCAGTGAGGTCTCCTTGGGACTACAGGACGTGGGTGTCCTGTGGGGCCGCCCCAGCACAGCACACAAAAGCCGGCCAGGGCAGCTGCCAGCTCAGCTGTCAGGGGAAGAGGACATTATGGTCCAGGTACAGGCAGGCCTGTGGGCTGACCCCGGACCCCAGCGCCTGCTCAGGAAGGAGAGCTACCCCTCCCAGCTCGGATCCTGCAGCTGTACTTGGGGAGCCATGGACGCCAAGGCAGGTGGCCAGGGCACCCCACCCCACTGCACCCCACCTTAGGAGGTGTCCCAGGTGTCCCCAAGCCTTCGTTTTGGTGCTTGGCCCCTGAACGCTCCTATCAGAGGGTTTACCAG	1001	38.30	14.0859140859141	6e-06	gi|9629267|ref|NC_001798.1|	Human herpesvirus 2, complete genome	virus	Herpesviridae	Human herpesvirus 2	dsDNA,linear,nonsegmented	tblastx	viral.1.1.genomic	791	931	130028	130168	0
contig_3766	CCTGAGCCCACCCTGGGCTCTAAGATGCTTGCTGGAACCTGACGCCCTACCCATTCCCCTCGAAGCTGGGTCCTGCTTCTCTTACCCTTCAGCTGCTGCTGTCTGGCATTTGGTAAAGAGACAACAGAGCAATAGACTTTGTGTCACTGCCTCACACACCAAGCACTCGCCACTAATCACTTCTCCGACTGCCTACCCATCAGCTACACAGAACTTCCCCAGCAGCCTGCTGGGACCACACCTGACCTAGCCACATGGGGCACTCCGCTCACACTCCTCAGCACCCTACCCCACCCGGTACTGGCTTCTTTGTGCTTTCACACACATATATGTGTGCATGcacacacatagtcacacacaatagctcacatgcatctcctcacatacattacactcatatactcacatacattaacacacgtacacattctcacaggataaacagtcacacattcattcacaaccacacacactcatttccacatgtacacacaattacaccatacaatacatgcacacacattcacacacTTACATAATCCTCACAATAAGTGTTTGAGGCAAGAATTGGTATTCAGGATGAGATCGGAAGAGCACACGTCTGAACTC	609	48.28	14.2857142857143	5e-11	gi|224020395|ref|NC_001664.2|	Human herpesvirus 6A, complete genome	virus	Herpesviridae	Human herpesvirus 6A	dsDNA,linear,nonsegmented	tblastx	viral.1.1.genomic	446	532	132033	131947	0
contig_2790	ATTGGCAACATCACTCGTTCATCACCACACTTCAAAGCTCAGAGTGCAGACTACCTGAAGTTAAATTAATCAACTCTTAACTCACCAAAAATCACCTCCTTTTACTTACTCTTCAAAATAGAGGAAAGAAAAATTTTATAAAAACAAATGATAAGCACAAAACTCAGGTTTTAAACTACCTCTTCTGAGACAGAAACAGCAAAGGAAGAAGTGAAAGGTGCCCACCCTCCATGGGTAGCCCACATTTCATTGCTGGTGATATGGTGGGGATCCTACTTAGCCTGACAACCTGACATACTCTCTGTGCTTAGGAATTCATAGTGTGGTATTTTAGATTCCAAATCACAATCACTGGTGAGGACATTTAGAGAAGTCCCTGAGGCTACAGCAAAAGAGGCAAAACCCAATGTGGATCAGGAGCCGCAcatgtgcctgtgtataggcatgtgtgtgtgcctttgcatatacacatgtatgcatgtgTTTGCTCGTGTGTGCGCCTGTGTGTATGTATGAGTGTGTGTGTAACTGGGTGTGAGTGCGCGTGAGCACTTCCCACAGCACGGGCCAGTCCTCTCCCACCAC	585	47.83	23.2478632478632	8e-10	gi|224020395|ref|NC_001664.2|	Human herpesvirus 6A, complete genome	virus	Herpesviridae	Human herpesvirus 6A	dsDNA,linear,nonsegmented	tblastx	viral.1.1.genomic	546	409	132165	132028	0
contig_3131	CGAATGCTCAGCTGGGGAGGAGGTATGGAAATCCTGCCTTCCTTGCTTGGATCTCGGGTGTCTGTGGCTTCCAGGACGGAAACAGGCAGCCTGAGCCCTCAGCACCGGGGCCCCCACGGGGTGGTGCTGTTGGCCAGGGAGGAAAGAAGGGCAAGGTCGTCCCTGCGGGCCGGGCTGGAGCCGGGCGGGGCCTTTGCTTGTGGGAGGCGCCCGACGTCCCTTCGTGGACTGCGTGTGGATGGAACTGCTTTGGCCTCGGCTCTGCCCGGCCACACAGTGCCAGCACCACTCCCCCCCGCCGCCACCAACAGCACTGCCCACTCGGGGGAGATCCCGGCCGGGTTTCCAGACCTTAAGACTGAAAGGCATAGAGGggcccagccaggcccaggccccagcgcctgccccaaggcTGCATTCATCCCCCTGCTCCTCCTCCAGGCCCCACTGTAGTCACTCACAGGCGTCGCCAGGCCATGGCGCTGCGGCCCTCCCATTTCAAAGTGGTTGCCTTTTTTGCGAAACTCCACGTAGAGATGTGCTGAACTCGACTGTCTACGACGCCCAGAGGGAACGGGGCTCCAAGAGGCTGGGGACCGGCGGCACCTGCTGCTCTGTGTTCAGCACTCCGGACAGGGCCTGGCAGGGGCCACAGTGCAACGCGACCCCACTCTCGTAAGACAACCTATGCCTCTCTCCGTATATGGCACCATCTATATGCACAGGGATTGA	732	41.94	12.7049180327869	7e-06	gi|30984428|ref|NC_004812.1|	Macacine herpesvirus 1, complete genome	virus	Herpesviridae	Macacine herpesvirus 1	dsDNA,linear,nonsegmented	tblastx	viral.1.1.genomic	101	193	101501	101409	0
contig_520	TTTTTTAATGATACGGCGACCACCGAGATCTACACCTCTTTCCCTACACGACGCTCTTCCGATCTCATGCCCACACGCCCATGGACACACATGCACACAGACGCACATGCACACACGCACACACACACATGCACACACACGCATACATACACATACACTCACGCACACATGCACACACATGCACATACTTACGCACATGCACACACATGCATACATACACTCACGCACACATGCACATACTCACGCAGATGCACACAACTGCACAGATGCACATACACATACACTCATGCACACATATGCACACACTCATGCACACACATTGGTACACTCACGCACACGCACACAAACGCACACATACACTCATGCACACGCACATGCatacacccacgcacacatgcacacgtacacatgcacatatacactcatgcaCACATGCACAATACTCAACGCACACATGCGCAAACACATGCatacaaaaatgcacacatgcacacatgcacattcacgcacacatgcgcacataTGCGTACACTCGCACACAGGCacacacatgcatacatacgctcacacacatgcacatacacacatgcatacatagtcacacacatgcacacgcatgcagtcacacatgctctcacacacatgcatacactcacgcacacatG	665	45.79	48.2706766917293	2e-31	gi|224020395|ref|NC_001664.2|	Human herpesvirus 6A, complete genome	virus	Herpesviridae	Human herpesvirus 6A	dsDNA,linear,nonsegmented	tblastx	viral.1.1.genomic	274	594	132258	131938	1
contig_1796	ACTGCACCCCCAGGTGGGCTCTGTGTCCACCACAGCACTGGCCCTGGAGGTGGGAGACAGGTGTGAGTTGGGGGTGGGGCAGGGTGACCCGGGCCATTGGAGAGTGGGGTGGAACCTTGGGGAGGAGGCAGGGGTCAGGTGGATCGAAGCCCTGAGCCACAAGGCCCTGGTCATGCGCTGTGCCATGACCTTGTGCAGTTAGGGGCAGCAGGGCCTGTGGGCTGGGGTGCTCTGTGTGGCATGTGCTTCTCTGGTGCTCCCACAGATGTGGGATGGCCCCAGGCTCCCGGGGCTGGGGGAGATGGCAGAGAGCTGACTCTGGGCCAGAGATTTCCCAGTGCCGGGAAATGGAGACAGTGTGGAAGGAGAGCGTCTTGAAGACACGGGCCTTAAGGAGGGAGGAGGTGGGAGGAGGGTGGGACTGACAGCAGCACCCAGGAGGAGCAGAGGAGCTGAGTCTCAGGCAGGGCAGGAGAGTCAGGTTGAGACTGGGTGCGTTTGTGCTGGCGGGGCAGGGGGATGAGGGTGGGTAGGTGGAGGCGGGACAGGAGTGAGCGCTGATGACAAAAGTGCTGTGGTGACAGGAAGAAGGTAGGAAATTCACAGGCGCATGTTCCCCAGAGTGTTTTCACAAGAATGTGAAAGAAAGGATGCAAAGGGAATTGAGAAGGTTTTGGGGAGTCAGGGTTGTGGG	694	31.15	26.0806916426513	9e-06	gi|82503188|ref|NC_007605.1|	Human herpesvirus 4 type 1, complete genome	virus	Herpesviridae	Human herpesvirus 4	dsDNA,linear,nonsegmented	tblastx	viral.1.1.genomic	586	404	96525	96343	0
contig_336	TGTGTGTGTCTGTGTGTCTCTATGTGGGTCTATGTGTGTCTGTGTCTGTGTGTGCCTGTGCTTGTGTGCGTGCCCGTGTGTGTCTCTATGTGTGTCTTTGTGTGTCTCTGTCTCTATGTGTGTGTTTGTCTCTGTTTGTGTCTGTGTCTCTATGTTTGCCAGTGTGTGTCTGTGTGTGTATGTGCCTGTCTCTATATGTATCTGTGTGTCTGTGTGTCCCTATGTGAATCTGTGTGTGTGTGTGTCTGTGACTCTGTGTGTGTCTATGTGCATCTGTGTGTGTGTCTCTGTATGTAGGTCTCTATGTGTGTTTGTGTGTGCCTGTGTGTCTATGTGTGTCTCTATGTGCATCTGTGTCTGTATTTTTGTGTGTCTATGTGTGCCTCAATGTGCATCTGTGTGTGTCTCTGTGTGTGCGTCTGTGTCTATGTGCATCTGTGTGTGTCTGTGTCTATGTGCATCTGTGTGTGTCTGTGTGTGTCTGTCTCAATATGCATGTGTGTGTGTCTGTGTGCATATTGGTAAGGACTATATAGAAATTATTTTTAAAAGAAAAAAGGAAATAGATCAAAGAAAACATAAAGATCGGAAGAGCACACGTCTGAACTCCAGTCACACAGTGAT	624	53.12	15.0641025641026	5e-26	gi|224020395|ref|NC_001664.2|	Human herpesvirus 6A, complete genome	virus	Herpesviridae	Human herpesvirus 6A	dsDNA,linear,nonsegmented	tblastx	viral.1.1.genomic	372	277	131855	131760	1
contig_3963	CTTGTTTCCGCTCCGTCCTCCCAACAGGCCCTGCCACCGGCTCCCTCCGGCCTCCCTTGTCTACACCTGGCGGCCTGAGTCACTCGCTTAATAACAACCACAGTTTGGGAGGCAGTGAGCGCATGCTGCACATTTTTGCATTGCATGGGCAACAAAAGGACTAATTGAATCATGATCTCCCATAAATGCGATGGGAAATGAGATAACTGCGCTGCCTCAAAACAGACTTGGCGTGCTTCGGAGCTCAGTCACAGCTAACTCAAACCAAGCCCGGGCCCCCGCTCTTCCCCTCTGTCTCAGCCATCGCCTCCCTGCCCAGGCCCCCGCCTGCCTGCTAGCACCCAGTGTACTGAGATGCTGGCTCGGAAAGAGGCCTTGGGGTCCACCTGCTACTTCCTGGCTGATGCCACCGAGGCCCAGGGAGGGGGAGTGGCCTCCCAGGATCAGGGCCGGGATGAGACTCGAACCTACACTTCCCATGTCCATTAGGAAGTCTTCATCCAGGGTCTGGGGGTCAACGCAGTCGAGGACTGGATATCTGCAGGTGGCTAGGGGCAGTGTCTAGACCCGTGGAGAGGTGGCACCACGCTGCAGTGACAGCTGGtccccaccacctctgcagagaggttgtcatcccattgtacaggttgagaaactgaggtcatgagtgtggcttgaagggacagtaagtggggagtgggattcaaacccgggtcCAGGGCTCTGTCATCGTCCCAGAAGGAGCACTGTTCTGCCCCTGCTGCCAGGGAGACCACCAACCTCCAACCCCTCCAGCCAAGGGCCAGCCCGGCCCGGGTCAGAGGGTACAACTGGGGACCACCAAGGGCTGGGAGGGGACCCGTAACCGGGGCTGGCCGGGCACCCTGCAGCTCCCCCACAAGCATTGCCTGGGCACCCACCATGTGCCACCACAGCTGCACCTCCGTGTCACAGCAGGGCAAGCCAAGCTTCCAGAAGGTTCTCTGTTACTGCCTAACCCTGCACAGCTAACAGGAGAGCCGGGATTCAGCAAGAGTCTGCGGACCCTGGCCTGGTGCCTCTTGCCCCATCTCCAGGAACTGATGCGGCTCCTGCCCCGGGGAGCTTCCAGGCCAACAGCAGAGATAGGTGAGTCCACAGGCTGTGCCAGGACTGACCCCTCTGCACATGGGGCTGCGTCAAGGTCACGGAACGACGGAAACCCTGGCTGGAGGTTTTCTCCGTGGTGCCTTGTTCATGTATCTGGCCTCTCCACTGACATGGCCTTGGAGGACCTTCTGAGCCCAGTCTGCTGGGAGCTGGCAGATGGTGATGATGTTAACAGTGATGATAGGTGTATGCCcacacgcacacaggcacacgtcaacacacagtgacacacacaTTTGTTTATACTAAAACACAGGCCTCCCCAGGGGCTCCTGCATGGAGCCCTGCCCCCTCCCTGTGTACTGGGGCAGAGGTTTCCCAAGAAGCCCGCTAGGGCTTCAAGACTGAAACCAGGCGGCTCACAGCTGGGCAGTGGCAGGACTGAGATTCGATCATGGACCTTGGACCCTGACCACTCCCCTTTGATCTCCAACCTTAGACCCACGGCTCCCACATTGAACTCTCTGTGCCCAGAGCCGAGGAGGCCCCCACCAGTGGTGTGGGAGGGGCACGAGGGATGGAGGGTACGGGTGTGATTTTGGGGTACACACATAGTTCTGAAGTGGTGTGGCAGAGGGCGGGGCGTGCGGTCTGATTTGCTGACCTTTGAAAG	1762	40.91	7.49148694665153	3e-06	gi|83722567|ref|NC_007653.1|	Papiine herpesvirus 2, complete genome	virus	Herpesviridae	Papiine herpesvirus 2	dsDNA,linear,nonsegmented	tblastx	viral.1.1.genomic	698	829	60393	60262	0
contig_18	ATCCTTCATCCACACACACACAAAACACTCATACTTCATCCACACACACAATGCCCATCCTTCACCCACACAAATAACACCCAGCCTTCATCCACACACACAACACCTATCCTTTGTTCACACACACAACACCTATCCTTAATTCACATACACAACACTCATCCTTCATCCACACGCACAACACCCATCCTTCACTGACACACATGCACAACACCCATCCTTCATTCACACACACAACATCCATCCTTCATTGACACACATGCACACACTCAGCCTTCACTGACACACATGCACGACATCCTTCATCCACACACACATCAGCTTTGCATAAGCACACACAACGCCCATCATTTCACATGCACACACACAACACCCATCCTTCATCCACACAGACAACACCCATTCTTCCATACGcacacacacaccacataccacacacacaccacacactacacaccacacCCACCCACGCATACCACACATATCCCCTTACATACCACACACATCCCCTACACACACGCCACATACACACACCATACACATCCCCCACAGACACACATACCCCTACATACCACACACATCCCCTACACACA	593	27.27	61.2141652613828	3e-10	gi|224020395|ref|NC_001664.2|	Human herpesvirus 6A, complete genome	virus	Herpesviridae	Human herpesvirus 6A	dsDNA,linear,nonsegmented	tblastx	viral.1.1.genomic	7	369	132210	131848	0
contig_1227	ACCAGGGGTGGGGGAGCCGTGTCGGCCACGGGGTCAGGGGGCTGCGGCTGCCCCCTCCCTTGGGGATGCCTGGGGACACGGTGCACCCCACAACCACCAGCCACCCCCCAGGGCCTGCCCACAGCACAGGGGTCCAGAGACCGACAGTGGTGAATCAGGTACGCGCCGACTGGACCTTGGGTTTCCAGAAACTGCCTCCAACAGAGATCCTTGGGTTTGAACCCAGGCCCAGACAAAGCTGGGACCCCAGCCCCACTCCTGCACTTATTTCATGAAGCTTTGTGGGCACTGAGTCGCTGCCTTCCTGCAGCAGAAATCTGGTGGGAGAGAGGGGCACAGACGGGAGAGGGCAGGCTGCCTGGCGAGGAGGGGGCAACGGTTCAGCTCGGTCGGCATGGGGGCCACTTTGAGGAAGTGACTTGGAGCTGAGGCCGCAGCAAGGGAGCAGTGAGCTCCACACAGCTGTGGGTCTCGTGCTCCCTGCAGATGGCATGTGCAGAGGCCCGAAGCAGGCAGGGATGAGGTCAGCGTGGCTGGAGCGTACGCAGGAAGCCGGCGGCCAGGGAGGAGAGAAAAGGCTGGGGGTAGGACTGGGTTCAGCAACATCACTCCCAGCTCCATGCCTCACCTGAGTGATAGATCGGAAGAGCGTCGTGTAGGGAAAG	665	51.22	18.4962406015038	5e-07	gi|20198505|ref|NC_002512.2|	Murid herpesvirus 2, complete genome	virus	Herpesviridae	Murid herpesvirus 2	dsDNA,linear,nonsegmented	tblastx	viral.1.1.genomic	503	625	82054	82176	0
contig_5579	CTACACGACGCTCTTCCGATCTTGGACAGGGCCAGGCTGGCGTTGTGCACCCCACGGTTCTCCAGGATGCTCAGCTTGGCCAGCAGCTGGGGCACAGGAGCATGCAGGCTGCAGCCCTCAGGCACAGGGCAGTGGCAGTGGGCAGTTTAGGGACCACCAGACGCCCCGGGGGCCGGTGACAGGGGACTTGCCTCACTGCTCACCACAGAGCCCCGGCAACCCCGGGATCACAGAGACCCGGCCGCCCCAGGAGCACAGAGACCCGGCAACCCAGGAGCATGCCTCCTTGGCCCCAGTTCCGAACAGGGCTTGTGCGGTGAGGGGCGAGGGCTGTCCTGTGCTCCCTACACCCGCAGAAGCCGTCTGGCCAAGTGCCCGCCTGCCCAGAGGTACATCCATCCTGGGGCCTGGAGCACGCAGCCCCGGGAGCCCTTCATGTGTGTCCGCAGGGCGCCGTTGACCCCGGTACACGCCCCGGGTTCCTGTGGGGGCTGCGCCTCCTTGATTTTCGGCCTATGTCTGAACAGAATGGGCCATCCCAGGAGGAGTCACCTAGACTGCTTGCTTGCCCCGCAGGACCCAATCTCCAGGCCGGGATCCTGGTCTCTGTCCACTCTGACAGCCTTGCCCACCCGGCCTTTGTGCCCAGGCTTAGGGCACTCCCAGGTCCCGGCGTTCCCACTGCACCTGGGGCCTCGCCCTCCCTAGACCCCGGCTAGA	720	35.85	21.8055555555556	5e-09	gi|56694721|ref|NC_006560.1|	Cercopithecine herpesvirus 2, complete genome	virus	Herpesviridae	Cercopithecine herpesvirus 2	dsDNA,linear,nonsegmented	tblastx	viral.1.1.genomic	456	298	28675	28517	0
contig_1994	TGGGCATGAGTGGGTGTGAGAGTGGGTGAGTGGGTGTGAGCGGGTGTGAGTGGGTGTGTGAGTGGGTGTGAGTGGGTGTGTGAGTGGGTGAGTGGGTGTGAATGGGTGTGGGCATGAGTGGGTGTGAATGGGTGTGGGCATGAGTGGGTGTGAGAGTGGGTGAGTGGGTGTGAGCAGGTGGGTGTGTGGGTGTGAAACTGGGTGTCAGCAGGTGTGAGTGGGTGCAAGTGGGTGTGAGGGTGTGAGCGGGTGTGGAGGGTTGTGAGCGGCTGTCAGACTGGGTGTGAGTGGGTGTGAGCGGGTGTGAGTGGGTGTGAGCGGGTGTGGGTGTGAGTGGGTGTGTGGGTGTGAAACTAGGTGTGAGCTGGTGTGAGCGGGTGCAAGTGGGTGTGAGCAGGTGCGAGTGGGTGTGAGTTGGTGTGAGCGGCTGTGAGGGTGTGAGCGGGTGTGGAGGGTTGTGAGCAGCTGTCTGTGAGCGGGTGTGAGTGGGTGTGAATGGGT	501	39.47	22.3552894211577	2e-09	gi|224020395|ref|NC_001664.2|	Human herpesvirus 6A, complete genome	virus	Herpesviridae	Human herpesvirus 6A	dsDNA,linear,nonsegmented	tblastx	viral.1.1.genomic	501	388	132243	132130	1
contig_3827	GAAGGTCCTCCAAGGCCATGTCAGTGGAGAGGCCAGATACATGAACAAGGCACCACGGAGAAAACCTCCAGCCAGGGTTTCCGTCGTTCCGTGACCTTGACGCAGCCCCATGTGCAGAGGGGTCAGTCCTGGCACAGCCTGTGGACTCACCTATCTCTGCTGTTGGCCTGGAAGCTCCCCGGGGCAGGAGCCGCATCAGTTCCTGGAGATGGGGCAAGAGGCACCAGGCCAGGGTCCGCAGACTCTTGCTGAATCCCGGCACTCCTGTTAGCTGTGCAGGGTTAGGCAGTAACAGAGAACCTTCTGGAAGCTTGGCTTGCCCTGCTGTGACACGGAGGTGCAGCTGTGGTGGCACATGGTGGGTGCCCAGGCAATGCTTGTGGGGGAGCTGCAGGGTGCCCGGCCAGCCCCGGTTACGGGTCCCCTCCCAGCCCTTGGTGGTCCCCAGTTGTACCCTCTGACCCGGGCCGGGCTGGCCCTTGGCTGGAGGGGTTGGAGGTTGGTGGTCTCCCTGGCAGCAGGGGCAGAACAGTGCTCCTTCTGGGACGATGACAGAGCCCTGGACCCGGGTTTGAATCCCACTCCCCACTTACTGACCTCTCTGTTCCCTGCCTAGTCCTAAGATCGGAAGAGCACACGTCTGAACTCCAGTCACTTAGGCATCT	665	40.91	19.5488721804511	1e-06	gi|83722567|ref|NC_007653.1|	Papiine herpesvirus 2, complete genome	virus	Herpesviridae	Papiine herpesvirus 2	dsDNA,linear,nonsegmented	tblastx	viral.1.1.genomic	581	450	60393	60262	0
contig_1816	CTCAAATCCACTTCCTGTCACCCAAGCTCTTCATCCCTCCCCTGCTGAGAACCCCCTTTGCATAACCCAGGGCTTGTGTCCTGTGCCCTTCTCTCCTATCCAGCCCAGCTCATCCCAGCTTGCTGCTGCCTGGCCCCACCACTGCCTTCCTGCCTCCCGGCCCCTTGCCGGTTTCTACTTCGGTTCTTGGTGCTCTGCTGGGGTGGCCTCTGCCTCCGCCCAGCTGTCCCCAGGCTCTCTCTCCTCCCATCCCAGGACTCAGCTTGCCCAGCCAGCCGCATCCTCTCCACTGTCTGCATCAGACCCACCCGTCCTGACGttgtgtggttgttttctgtgccccctctccagcccaagcctggcagagaccttgactttctggtttgcatctgtgtccccagggactaggacagtacctggcaGCTCCATGAGGACTCACTGCATGCATCGATGTTCGGCTTTCTCTGTCTGTCTCTTCATCTGTAATGTGGAGTAATACCACACTGCAGCACCAAAGGGGTGATTAAATGCAACAACCTGGATAAAATACGAGGTGGTTGCTCAAAACATTACCTCTTTGATAGATCGGAAGAGCACACGTCTGA	605	50.00	10.5785123966942	9e-06	gi|312162798|ref|NC_014567.1|	Saimiriine herpesvirus 1, complete genome	virus	Herpesviridae	Saimiriine herpesvirus 1	dsDNA,linear,nonsegmented	tblastx	viral.1.1.genomic	295	230	109097	109162	0
contig_3481	AGTGATTGGACCACCCGCTCGAGGCGAGCGGGATCCTCGAGATCCTGCGCCGAAATACGCACCAGGTTGTTGCAGACCACCTGGCTGCTCGACTCGTCGGCACTGACGATGGCGCGCGAGCCCAACTCGCTGCCAGGCTGCAACCCCTCCTCGATACGACGGCTCACCGCGTAAAAGGTCGGCACGGGGAACGCCGAGGTGGATGGCGCCACCGTGCCGCCCACGGGAATCTGGATATCCCCTTCCGTCCGCATATTGTCCAAGGCCTGCCGGGGATCCCGCACCGGCGGTGGCACATTCGGCGCCTCGGCCTTCAACTGGCCAATCATTTCCATCAACGCGGCATGGGCCTGGAGCGTCATCTGATGACGGTCGGCCATGGCGGAAACGTCGTCGCGCACTTCCTGCAGATGGCTGCGCAGCCGGGTCGCATCCTCGACCGAAGGCGTACGACCATGCCGGACCAGCGCCAAGGCGTCGTGCAGGCGCTCGTTGACGCGATTGAGCTGTTCGCCGTGGACCTGCTCTTCTTCGCTCAACGCTCCCACCAGGGACAGGCATTCGTGGAA	569	37.93	30.5799648506151	2e-09	gi|123318702|ref|NC_005261.2|	Bovine herpesvirus 5, complete genome	virus	Herpesviridae	Bovine herpesvirus 5	dsDNA,linear,nonsegmented	tblastx	viral.1.1.genomic	215	388	81294	81467	1
contig_634	TAGCTGACGGATTACGCACTCGGTGACCGCAGCAGTCACCTGATCCCCCAGGACGTCTTAGGTGTGTATTTAGTGGGTGTCAGGCATTTTGCTGGCACAGTTGTTGCTCTCTGGCAGGGGAAAAAATGTTCAGTAGATTCACTCAAGTCTTTCTGCAATCAGATGAGTATCAAGAAGCTTTTAAAAGCGGAGCAGacagtggcctcgttaccgatcttccaacacctggagctggctgctgccgcgggacgtttgacttgctggggcttctaccCCGTGCTGTCACCTCAGCTGCTGTCTGCGCCCAGCACTCCTCATGGCTGCAGTCTCAGATCACACGCTAGTGCTCAGGGCGCCCGATGGGCTCACTCCACCCAGAGCTGCGCTGTGCTCCTCCTGAGCTGCTGGGGGCTGCACTGCCCTTCTTAGCTCCACCGCACGCATCTGAAACTCTGATCATCTTTTGTTTACTGGTTGGTCTCTCTAGAGAAGAACTCCTCTGTTTTGGGAATCCCAGCAGCACCTGCATCCAGAGTGGGACCTGGTGCACAGTAGATCCCTGATGGCTGTTTAACTTACGGGTGGATCGAATAGGAAGTAAACAACCTGGGGAATCTTTCAATAACATCTCCAGGACTTGAGCTTGGGATTAAATAAAAAGCATTCATCTCAAAGGGATGCTGATCTTCTCTCTTCCAAGGCACTTTTTTGCAGGCCACAGACACAGAAAAATGACCATATTTTCCCCGCACACTGGAGTGAGCTGTAGAAGCTTCCGGCTAACTAGTGGGGCTAGTGGCTGCTTGAGGCCCTGTCCAGCAGGTCGGGGAAGGGAAGGGAAGGACACAGCTTCAGCACACCTGTACCTGTCTCAGCCACTGTGGCCCCAGCTCAAAAACTCTGTGCTTTTCCAGTTCCCTCATTTCCTGGCTTGTAAAACTCACATGCAGACAGGTGGCATCTCTTCGCCAGGCAGAGGGCAATGAAGCTTGTGCACTAATTGCTGTGAATTTTGATTAAAGAATGAGATCTAGGAGGTTCAGGATGGACAAGAAGTAGGTAGAAGCACCTGACAGGGAAGATGCTGGACTCCGGAGCTCCAGTTCCCCACATTGCTGGTGATTTTGAGCCTTATTCCTGCAGCTGATGAACCCTGTCATTGAACTGTCCTCCTGGTTACCATACCCATCACTCCCTGGGCAAATGAGCTAACCACAGACGCCTTATGGAGACAGACGCCTCCTGGAGACACTCTGATCTAATGGGGAGGTGTGCAGATGCACCTGCGGGTTCTGTGGAAGGAGAAGGACACAGGAAGTCATGTCGTGGACATGTCTGCCTTTGCCAGGGCAGGTCACAGGCATTACGGCACCGGTTACATCTCTGGGCAGGGAACAGTTATCAACCCACCACCGAAAACAGAATTTAAGCCACCTGGAGCTGTTATTACAGGTTGTGTAGCCAGGAGGACCACGATAGGTTCAGGGAGGGATGTCCGATGCTGATTTTTAAAATTCTCCTAGCAGTAGGTGCATGGCAGTGGGCCATTGAGATGCGGCTGCCCATGGTCTTCGGTTCTCACGAGTTCACAGTAGCAAAGCTTGCTCTGCAAGGAAGCTCCTATACACATTTGTGAGGTCACACGGGAGGGCATCTGTGGTCAAGTCACGGTAATGAGTCACCTTGGGGATGGGCGACAAATCCACGTGTGGATGCCAGGTCCTCAGTTGTCACAGAGCAGAGCCTTGTAGCCAGTGCTGAGGAAGAAAATTAAGTCTGGACCTTAGTTGTGAGCTCTTCAAGGACAAGGGCCTGTTTCCTCTTCTCACATTTGCCTAGAGCAACTCAGTCAAGATCATCCAGTAAAGGGTCCCCATTCCAGGATCTGCTCCCTGAATTCCAGCAGCAGAAATCCAGCtgtcgtgggtggaactgtgtctccccaaaatacgcgctgaagtcccactccccagtagctcacttggaaacagggtctttgtggatgcagttggtcaggctgggtcataccagagtagttgggttcttaatccagtatgactgtgtccttagaagaagaggagagaggcacacagagcaggaagatggtcatgggacagcagacaaacatcggggtgatgcttcctccatgagcgggggaagaccacggggctccgccgcaccagcagccggagggaggcctccagcagcctggctcagagcctcagaaggacccagctctgtgggacttccagcctcagaatcacggagagttcatttctgttgtttaagcTGTTTCTGTTGTTTGTGTGTCatttctgttgtttaagctgcccagtgtgtggtgctCGTGACAGTCACCCATAGACACCGGCCAAAAAGTCCTCTAGGGATCAAAGTAAGGATGGGAAAGTGCACGTCACCAAGCCGCGATGGCCCCTCCCAGCCGCCCCTCATTCCTTCGCCTCTACAGAGGGTTCTGGTCACCAGGTTTTCTGGTCTCCAAGGGTGCAGCTCCTTTTAGAAACGGGGAATCTGAGGAGGTCGGTGAGAAGCTGCTCCCACAACAAGCCCATGCACGGGTGACAACCGGGTGGAGACGAGGTTATGGGAAAAGCAGACTTGGGCAATAGGGCCAAAACGGCTCTGTCCCTCGGACACAGACACGAGACACCAGTGGGCTTCTGTGTGGCACTTATCCCCCTTTAACGGATTCATCAGTGGGACCAGGCATGCTGAATGGGCTGCTTTTCACTCTACTTTTAAAGGTTCCCCTTACGACTCCTGTCCTCCTAAATGTGTGTGTATAAGCAGCTGCTGCCACCGTCCCCATCTGCCCTCCTCACTGACCCATGGTGACCCTGACACATGCGAGTCTGATCCTGCTGACTGGGCCACGCAGGTGCTTCCGGAGACATCCATCCACTCTGTCAAGCCCTTCACGTGGCCTCCATGCCCTGCCTTCTGTGGCCCTGCCCTGCCCAGCGGGTGCAGTGCTCACCCCTGCCGTCTTTCTGGCCCCTGCTGCTCTGACCCCAGGGCTGGAACCAGGGCTCTCCCCCAGAGCCTTGTGCCTGATCAGCCTTCAGCCTGATCGTACCCCACCTGCTGcacacccacacgcatgcacacacctgactcacacaacacacgcacgcacacacacatgcacacacccgactcaagcaatgcacacacacacacatgcacacacccgactcacacaatgcacacatacacacaagcacacacacaagcacacacctgactcaatgcacgcacacacacatatgcacacaaatgtgtgcaagcacaccacggcacacaaagacaaacacacgcacctcacctgccaaacacacacctgccaaacacacacacacacacacacaatgggcaaacacacacatgcacaTGAGCAAGAATGAGTCCACACATGTGCACATGCTCCCCCCACAGATACACAAAGACAGGCATGCACACTTACACACGTGGACACACACTTCGCAGGCCTCCACTGTTACCCTGTTGCctcctgttgattctttgtgatcccaggtcaaggtgcacatcctctggaaagcccgtcctgaccTGAGTTCCTTTGTCACGCAGCTCACAAGACTCTCTTCCTCTAATTCAGGGGCCTCATGTCAGCAGCTTCCAGCATACTCATTGTGGAATTATTCAGTGTTTCGCACTAACTCCATTGGGGTGGGGCTATGTATTGGTAACTATACTATATTTCTGCTTTTCCATCCCTCCAAAGATAGCTATTTTCTGTCTCTTCTTTCTGCTTAGGAGAAATCATAAACGAGCTTGTGAACTGCCTTCCTGACTTACCCTCATACCAACACACACGTGTGTGCAACACACACCTGTACACGCACACACACACTCCTTAGAGTAGCACCTCCAATAGGACATGAAGATTGGACACTGTCTGTATTTTCCCTTAAGTGAAACCTCAGTGCTTGGGCATTCAATATTATCTGAGAGTTTGAATGAGACTAAAATTTGAGAACATTTCGTCACAAATATTCGTAGTTCTGGAGATAAATCTGTACGAAAAGATGATCCTATTCCAATCAAGATTCACTGGGAAAGAACATCTCAACATCATTACTTGTGCAGCCAACAAGTTAATAGGATCAGTCAGTATCTTAAAGAAAAGTTTAGCAAATTCGTTTTGGGAGAGAAAGCCCGTTTGCTTTTCTCATTGCCTCTTCTGGGAAGAATTACCTAATCCCATTTGAGAGTCACAAGGTCAAGATAATTATTATTTTCTGAGAAATCAATAAACTTTGCAATGCACTTATAGTCTTTGCAAGCAATTTAATCACAGGTCATATGCAATGATTCATCTGATTGTTGTGTCCTGCAAACTAGGTGACCTTCCAGGGCCACAAAACCATTAGGACATGCAGATCTGATTATCTTAGTATCAGCAGTAACTCCTGAGCCCTACGTATTCCCATTTTATCACAGTTTCCCTGGAATAGCCACATACTTTTTATAAATACATATTCAAGTAAGAAGAGCATGATGTCATTTATTTTTCAAGTGTATACAGTGAGCTCACATAGTAGGGTAGGCATACAAGTAactttggttaataagcttgtcatagctatactataactgaattgttaatttccaagttgttagaataaagatacagttagcaacaaaatctgtctaaatataatttactgtttctttaatgattctgatgtcccttcagaacttgccatgcctcggagttatcaatatgtttgtcaatatcatcgtactctaCAAAGGAATGAATGGTCCCTGGTGGATTGAGGTTTCAGCTG	4835	50.00	0.951396070320579	2e-06	gi|224020395|ref|NC_001664.2|	Human herpesvirus 6A, complete genome	virus	Herpesviridae	Human herpesvirus 6A	dsDNA,linear,nonsegmented	tblastx	viral.1.1.genomic	3500	3453	131061	131108	0
contig_2589	CTGGATAGTCTCTCCATAAAGTGCTCGTGCCAGGGCAGGACGGGTGGGGCGTCAAAGGGAAGCGAGTTATTCATTGGCTGAACAGACTCCTGAGTGAGCTCAGGTGCTGGAGGCTGCTCTGGGTTCAGGTTCCACAGAGAGCAAAGCAGACAAAGCGTGCGCCTCGTGGGGCTTGCCTCTGGTGACCCAGGGCGAGATGGGGCGTGGGCTCCACCTGCGGTGGAGAGGCCTAAGTGGGGAGAAGACCAGGGAACGGTGCACGGAGCGGCCACCTGTGAGCCAGGATGGAGGAGCAGAGGCAGCTGCAgggaacagtgttccagcagagggattggcaagggcaaaggctctgCCGCCCTGAGACTGGTACGTGTACAGGTGAGGGCGGCCCCCTGCCCCATGCACTGGCACAGGTGTGTGCCCCAGGACCACGTGGCCATGTGTTCTGCCCCTGGCTCCTGTGCACCCGTGTCTAACCCGTCCACACCGGCGGCCTCTCTGATCAATTCAGCCCAATTAGAGGAGTAATTCTCCCGTCTTGGGGCCAATTTACATTTCTGCGACGGTAGAAATGCCAGCTGCTCATCTTCTAATGAGGAAAGTCCTAGAGCCAGTTAGAGGAAAATGAGTCCATCGCGTCTATTAGGCTTAATAAAGGTCAGGACGGAATCAAGTGTGAGAGTCGGGCCAGGAAAGCCATCTGCAGAGCGGAAGTTGGAAATCGTTTGCTCTCTGTCTTGAAACGCTCGGACATGCTGCTCCTCGGGTGTTACAGGAAAACCTCCTCTTGCACACGGAAGGCACCTCCTGGACCCTCGAGACCCCACTCCGCTGGGGGGCTGTGTGAGCATCAGAACGTCTGGGGCCGGGGGGGTGGCTGGTGCAATTCTCCAAGGGGGTGGGTTCATCAAGATCCTGTTAATAAGCCCTGTCTCGCCAGAGGCAAAGAGGTGTCACCCTTCCTCTGGGGAGGGAGCGAGGAGGTGCTGACGGGCCGCCCCGCCACCCACACTCAGGGAAAGGGAGTGCCGGGGTCAGAGGGACGCTGGGGAGGGACGCCGGGGAGGGATGCAGGTGTCAGAGGGACGCCGGGGAGGGACGCGGGGGTGTCTCCTTTCTGCATGAGTGGAGGGCAGAGGAAGAGGCTGGAGAGAGACTGAAGCCCTGTTCTTGTTCTCTAGAGCTGCTTTGTCCAAGGGCTTGTTCCA	1208	61.90	5.21523178807947	3e-08	gi|51557483|ref|NC_006151.1|	Suid herpesvirus 1, complete genome	virus	Herpesviridae	Suid herpesvirus 1	dsDNA,linear,nonsegmented	tblastx	viral.1.1.genomic	1047	1109	117748	117810	0
contig_2075	CCGCGTGTGGCGCGATGCCCGCCAGGACTACCAGGACGGCCTGCGCTAAGGCATCCGGCAACAACCAACACACCAACATACGAAAGGAAACCAACCATGATCGTCTATGACAAGCCGGTGCTGCGCCGGCAATACACGGAGGAAGCCAGCAAGCAGGGCCACCTCCATGAAGGCAAATTTGCCTCCATCAATGCTGCCGGGGAAATCGCCCTGGAAGACAACGACACAATGCCCCATGGCGTGATCAGCGAGCCGGACGGCCAGCTGCGCTCCATGCTGGGCAATCGGACCGGGGCATCCATCATCCTTGGTCCAGCCAGTCCATCGTGCAGGCCCAGCTGGGCACAGACCCCGGCACCATCAAGATGAACACCCCGCTCAAGCGTAACGCTGACGGTACCGTTTCCGCATCCTCGGAAACTGCCGGCGACCTGATTGTGGGTTACGCTGTTCAGGACGTGGCCACCACCAAGGCCGGGCAGCTGATCAACGTGATCATGTGCAAGCCCTACAAAGTGGAGGCAGCCTCCGAATAACATCATTATTA	547	45.45	18.0987202925046	7e-06	gi|56694721|ref|NC_006560.1|	Cercopithecine herpesvirus 2, complete genome	virus	Herpesviridae	Cercopithecine herpesvirus 2	dsDNA,linear,nonsegmented	tblastx	viral.1.1.genomic	198	296	24208	24110	0
contig_222	TGTTCATGGAAACGACAGCTATGACTGTTCAGTGAGTCCCACTGCGAGCCCCGTGATTCATGGGACGTGATCTCATGCTCCCCGCAACCCCGAGGGAGTCAGGCCCTGTTTCACAGACAAGGAGACCGAGGTTTAAGAGGAAAGCAGCTTGCTTAGAGTGCGGCTGGAGGCTTCTTACCACACGAAGAAACAGAAGAGGCACCATCCTTCCTCTGCTTTCCCGGCCCCTCCCCCAGCCCCTCCCAGGACACTCTCATGCCTTCCTTCCCAGCACAGCTCAAGCCCCAGGAGGCAGGACTTCAGGGGGCCCACGAGGAGCCCCCCACTGTGCAGAACTGTGAGAACTGCAGGAAGATGTGACTCTTGAGATCAGGTCTGAGTGTGCACCGAGCTGGGCGGCCACCATGTAACATGAGGAGAGACTCCTGGGTGGTGGGGAGGCTGCCCTGCTGTGGCAGCCACGTGCCcggcctccagctgctgagggcgaccctggctggcagtcagcgaggagaagcggcaacctcagtcctacaaccccagagagctggcttctgaggacgatgaatcccccggagcccggacaagaccaggactcacaccagaccgcagccggctgccaccctCGGCCTGATTCTGGGCCTCATCCTGGCTCTGAGGTGTGTCCATCAACACAGACAGATCAGGCCCCACAGCAGCCAGGGCCCTGGTCCCGCGTCCCTGCACGGGCCCCCGCGGGCACCACCTGGAGGCTGCAGGTGTCGCTGCCAGGGCCAGGGTGCACTGCACACTGGGTCCCAGGGGTCTCCACTAGAGGTGACACGCGGCCCTTCCAGCCACTTTCCATGGGCCCAAGCAGCCATGCGTGCCCCCCTACCCCTGGGGGAAGTCAAATCCTGCCCCTTGCTCTCAAGGAAGGGCAGGAATATAGGATCAATGTGGGA	944	57.89	6.03813559322034	1e-06	gi|83722567|ref|NC_007653.1|	Papiine herpesvirus 2, complete genome	virus	Herpesviridae	Papiine herpesvirus 2	dsDNA,linear,nonsegmented	tblastx	viral.1.1.genomic	667	723	92307	92251	0
contig_254	AGGAGGTTCTATTTTGgtgtgtgtgtgtgtgtgcgtgtgtgtgcgcgcgcgtgtgtgtgcgcgtgtgtgcgtgtgggtgtgtgGTTTTCATACGCATGGGTTTCAGGGAAACTACGTCTTGGCTTTTTCAGACTGTTGCCTTGGTTCAACAAAGGTTCCTGGAGGTCTCTGAGGACCTGGGCTGCTGGGGTGAAGCCtggggctgggggttgggagagggctgggggtgAAGGAGCGGAACCACACGTCCCCCCTGCACACTGCTGTGCGACATCAGACACCCACGCCCACAGGGACACACACGGACCCACGCACACAGATGCACACACCCACACAAAAACATGCACACTGACACTCCCACAGGGACACACACACAGACCCACTCAGGAGGATGTACATGCTTACACACACACACTGACACACGGACCCACTCACGTGGATGTACACACTTACAAACATGCACACCAGCACTTCCACGGGAAAACACATGCACTCACACGGATGCGCACACACACATACACATGCATACTGACACTCCCACAGGGACACACAGACCCACTCATGGATGCACATGCTCACACACATGCATGCACTCACCCCACACATGCATGCACTTACCCCCATGCTCACACACGCATGCACACTCACCACCATGCTCACACACATGCACACTCACCCCCACACTCACATACATGCACACTCACCCCCATGCTCACA	717	45.76	24.6861924686192	3e-21	gi|224020395|ref|NC_001664.2|	Human herpesvirus 6A, complete genome	virus	Herpesviridae	Human herpesvirus 6A	dsDNA,linear,nonsegmented	tblastx	viral.1.1.genomic	259	435	132132	131956	1
contig_4801	GGGATCAGAGGCCTTCTGCGCTTGAGCCTGGCACCTGCCCTGGGCCCCAGTGGACGGGTCCTTCCTCTTGGACCACTGGCCCCATGCATTGTCCATCCTCAACACCTTCCCTGTGGTGCCCAGAGGCAGCGTCCAGGAGCACACCCAGGTGCCCAGCGGGACCCCGGAGCTCCCTTTGAACAGGCACCTTCTGGGGCTGGGGCCCCCATGTCTGGGGGGGAATAGGGGGCTGGGGCCCGTGTCTAGGGAGTTATGGGACCTTGCATCTGAGGGGGTGTGGTGGGGGGCTGGGCCCTGTATCTGAGAGGGTTGTGGTGGGGGGCTAGACCCTGCATCTGAGAGGGTTATggttgggggctggggtctgcatctgagggccatgggacctgggtttgtggctgctggttcgcctctgggctctgCTGCTTCTCACAGTAGTCGCTGAGCCATCGCGGGTCCTGATGTCTCACGCGAGAAGCAGGCCTGGGCAGGTGGCACCTTTGGGAGAAAGCGAAGGGCAGCCTGGGCTGGAGGCTGCACCCAGGCACTGTGGTCAGTGGCTGGGGAATGAGACACGGCCCTCCTGGGCCCCGTGTCCCTTGTGGTGGGGTCTGAGTGCCTACTTCTCTCACCATGGCCCTCGGGGTCCCGTGCCTCTGCGGCCTGAGCCTGCGGTGGGTCCTGGCGCAGCACCTGGACACGGGCCTCCCTGCCTGAGGCCTCCTTCCTTCCTTTTCACCCCCCTGAGCCTCCTTGCCCTTGGCTGGCTGAGCCGGCACATCCCCGTGGCGCCTCTGCACCTCCCCCGAGATCATTCTGCCAGCACGGTCCTCACTGCACCCTCCGGTCCTCCCTGCACCCTACGGCCCTCCCCTGAGATTATTTCGCCAGCCCGATCCTGCACCCTCCCGGCTGCCACTGCCCCTCCCCAGGGAGGCCGCCACAGATGCAATGGCCGGCTCAGGTTGGCTCCTCAGTGGTTGAAAGTGGTTTTGTTTTTGGTGGAACTTGGGGGCAGTGAGAGGCTTGAGATTATTCGTTGAGATAGTTTTCCAGAAAGAAAAAAAGGTCCCAGATAATTGGTTCTTTGC	1091	44.44	9.71585701191567	1e-06	gi|123318702|ref|NC_005261.2|	Bovine herpesvirus 5, complete genome	virus	Herpesviridae	Bovine herpesvirus 5	dsDNA,linear,nonsegmented	tblastx	viral.1.1.genomic	236	129	137638	137745	0
contig_1968	CAGCCCTCGCTCCTGGGGCATAGCAGGAACGAGACCCCTCAGGCAGTTTCCTGATGTGAACCCCATTCCTGGGCCCAAGGAGGCTTTGGGCTCCATGGCAGATGCAGCCCTCACCCCACCTGGGAGCCCCAGAAGCCCTTGGCACAGTGCAGCACCCCCCACCCAGGGGCCCAGCGAGGTGCGGCTGCCTCTCTGCACAGCTCGCCTCGTGTCCCAACGCTGCAGGCGCCTCCTGGCTCTGCTGAGCCAGGCTCCAGCCAGCTCCGGGACGGGATGTTCAGAAGGCAAGGAAGCTGCTGTTCCTGCCTTATGATCTAACCCCCACATTCTGCAGCTGACGGGTGCCCACCACAGGCTGCAGATAGTAGGGAGGCTTGGGTGACCCTTTCTCCCCTCCAGGGTCAGGGCCCTGTGGGCCGAGTTTCCCTCCAGAAGAGGCCTGGTGGCTGGGATATGGGGGTGCTGCCCTGAGCAGGGAGGCCTCCGGCAGCTGCGTTTGGCTGCAGCTCAAGCCGGCCAGGGTTTCTTTGCTCACAGTTACTTGGCTGCAGCTCCCCACCTTCCCCTACCCCCCGGCACCCCCATGTGCCCCTGCCCTGGCTGAATTGCTAATCATCCCAAGAAACAAACTCTCAGGGGCCACACTCTGGTCCCTGGAGGACACGTGGCCTCCTGACAGCACCAACCTCCGTCCCAGCTTTGCTTTTGCCAGGAACCTCCCTCCCCGAAGGGCGCCCGCTGAACAGATGGAGCCGTCTGCCCTGACAAATGGCTCCTGCTCCTCGTAAAACTCCCGAGGAAGTCAAATTTGAGCTCTTCAAACCTTGGAGGGCTGCCTTGAATTTATGATGGGACCTGATAAATGATTGAATTGGAGTCTTCAGGTAGCTTAACTGAGACAGCCGGCCTCTCACGGCACTCGTCCCGTGGATCCGGGGCCTCAACGACCGGGGGCAAGGCTGCCACCAGAAATGCTCCCGCCAGGCACGtgggctgggcatggctgcctggagcagggcaggggtgggggctgggcctgggcagggctcatgggcAAAGCTTCTGTCCCCTCAGCCCGGCATCTCAGGCATTTGCTGAGGGGGCGTCCATCTCAGGGGCCTCCCGGCTCTCCCTGTAGAGCGAGAGGCTCAGTCTCCCGACTTCCTTTGGAAGCCAAAGCCTGCGGAGGCAGAATCGGCCAATTCTGGCCGTGGGGTGCATCCCGCCACCATCTCTCCCCGAGTGAGGGCAGGGCCAGCAGGCAAGACGGCATCACTCCTGGGGAGGGAACTttgacctcaagttactcaaagggaaggtggtgctggctgggcctgaccccatcaggtCATCACAGGGACCAAtcctgttggtctccgaggaggatgccacagcctgctgtgaaacgctccccggcacatgtggcagggtctccgggcagcctctaggagctgcgagcacccggccccagccacagagaacagggacctcagctctccaaccgcgaggagctggggtcggccaaaaacctggcaaacctagaagagggcctgacctccagggaggctgaagctgggtcaacacctgaatttcagcccagggagatgctgagcagagagccctgccgcgccaggccgggattccaacgcacggaaaccgtgagggcgtaaggtggtgttttcaagcagccaactgtgtggcgattggttacccagcgcagaacactagtacaAATCTGCCCCTGCCTGTGGAGCGTCGGAACACACAGCCCAGCCTCACCCCCGTAGAGGTGGCTGCTGGTGTTCACGGACACCCCTCTGCCCTGCACCACTCCTCAGGCCAGGGAGGGGCGCCGTCACGGGCTGGGGACCGCCCCGGTGGTGACTAGGGAGCGTGGCACATGGGCTGGGCTTTTGGGGCTTGGGTTCGCCTGGTGGCCAACGTCAGAGGAGCCACGGCGGAGTACTGCGGAGCTTTCCGCCCCAGGCGCTGCCTCTTTACCTCCCACTCCAAGGTGGGAATTCCTGGATCCGTGGTCTCCAGGGCTCCTTGAAGCTGGGAAACACCATGCCTCGCATGGCCTCGCATCCCCATCGAGACCATGGGCCACGGCGGCCCTGCCTTCTGCTGGAGGAAACCCCATGCCTCACGTGGCCCCACGTTCCCATTGAGACCATGGGCCACGCCCGTCCTGCCTCCTGCTGGGGGCAGATACCACACTGGAAGCCACAGCCCAGGTGGCTCCACCCAAGAGCTGCCAGGAGAAGCCCCCACTCTAGGACCCTCTCCTTCCTCCCTTCCCTGCTAAAGCCTCATGAAGCCTTCTTCGAGACCCGTGGGCCCCCTGGCCCCTCCACTCCAAGACCTTCTCCTGGGCCACCCTTCCTGCCTCCCCTCCCTGTCCCACCACCATGAGCCAGCTCTTCACTGAGCCAATCCCACCTTGACCTCAGGACGCAAAGTGGGCAATCATGTTCGGGCAATGGCTTCCACGGGGCAGCGTTCCTGGGGCCTGGCAGGGGTGGGGCAGCATTCCCAGGGCCTGGCAGGGGTGGGGCAATGTTCCCGGGGCCTGGCAGGGGCTCTGCGGCAGTGG	2596	34.21	4.39137134052388	2e-10	gi|123318702|ref|NC_005261.2|	Bovine herpesvirus 5, complete genome	virus	Herpesviridae	Bovine herpesvirus 5	dsDNA,linear,nonsegmented	tblastx	viral.1.1.genomic	2034	2147	1144	1031	0
contig_3482	AtattctcaccacaacaaataagtatatgagggaatgcatatgttaattagcttgatttagcccttccgcaatgtatacatatatcaaaacatcatgttgtacaccataactatatacaTATGTGcacaggcacacactctcacacacccacagaaacacacataagcactcacacactcaacacccccacacacacacccacacacactaacgcacacaggcacatacgcacttgacatacacacttggcacactcacgcaaacatacacacatccactcacactaatacatgtatacacatgcacatgtacacatgttcacaagcacgcccacacatccacacacactgccaaatgcacacagattcacacacacatacaccacattcccatgtcacatgcactcacactcacacacattcccatgttcacacacagcacagccacacatacatacactcacactcatacacacCCGCATGCACCTGTTCATACCACTCATGTGCTTACATGCGCACCTGCACTTGCAGTGCTTCTGGCGTGACGGCCACAGCAGAGAAAGCTGCAGCAGGAGGAAGGCAGAGCTGTGGGTCCCTTGGTGCCTGACACGCCATGGCGTCAGGCTGAGGTTGGGTGCAGCTGAGACATCCTTGTTCCCCTCCTTTGAGGCCTCTCCTGCCGCCCTCAGGAGCTGCCCCTCACTGAGGCACATCCTGGAGAACCCCCTCCCTGGGCTCTTTTCTTGGGCTTGCAGCCTGAGACATGCTCCTTGCTCCTAAGGGACCAGAATGCCTGCCAGAGCCCCGACCGTGGAGCACTCATCACCCCATCCCACCCCGCTCACTGCTCACCACCTGGCTGACCATGTCCCCAGCACCCACTGCCTTCCCCATACTGCAGCATGATCctttgcctggtcaactcctcatgcctcagcctccagctcggcccccacccctctgaggacgccccagacccttccttggcctcaaggccctctgccacgtaacgctgtcctgggctgccaagcgctgcgcgtgtgacactcgctctctattggactctcatggatctgcagccgggtctattttgctcatccttgacttcccagagcctaaagtaccatgctgagcacatagtaggcactcaagaggcttttgaatgaTGGATTGGCCCAGCTACATTAAATTAAGCATTCAAAGAGCAAGATTTGAATTAAGGATGAATAGAGACTTCTATTATAAAAATCTCCTAAAGATGTTAACTATTTTTTTCAATCCAATGCTGTATATTTCTCAGCTTATATATTTCAAATGAAGTTCCTTATTTTGTGATTCTGAGGGGCATGTACTTTCAGCCTCTGCAAATGTTGATCAACTCTATAGGAATTTGTTCAATTCTTTAAATATATTCCAACACTGGCACATATTTTTTCTGTTATTTCAAATCACTTTCAAGATTTATTTATGAAATTCAGTTTCGTTCTCCATGAATTTCAAAGCTTTCTATTGTGTGGGTGTAAGTGAGTGTGCTGTTTATGAGAGAATGTGAGAGCAAAAGTTTGAGAAGAAAAGATTTTTTTAATGACTGTTTTCAGAAATTTATGGTATCATATATTTCAATTTATATGCATATGATGGTTTCACTAATAGTTAAAAAGGAATAGTTAAAATAAGTGGTAGGCACTTTTATAAAGTTTCataaagttaattttattattattgccatacacagattaggaaaatgagctacagagaagtgaaTAATGTGAATTTTATAGTTTCATAAATCTTGTTAGTTATTGCTCTTGGTTTGTTAGTGTTTCTGCAATACTGGGTGAAACAACAACCAATAGTAAATGAAAATAAATTTAGAACTTTAAAATTTCTGTAGTCTCTTTTGTTAGAATCATGTATTTTATTTTTTCATCCTGTTTAAAATAAAACAGGGAACTCCTATTCTTGCAATATAGCAGACTAGATTATCTGAAGTATTGTTTAGAGTGTGCAATTGCATGTGGAATAAATAGCTAAGAAAAGTATTTTGAAGTTATGCTCATATTAAAATAGAAGTATATCAGAAAGTCTGGCAAGTGAACATATGAAGGGATGGCTTTCATTAGGGAAGGTGCACTGAACCCAACATCAGGCATGAGGAACAAGAGACAAAAGGTAGACCTCTCCTTCCCACTCCTGCAAAAAATCAAGTAAGGTTCACAAGAAACTGCAAAAGCCTGAGACCCTTATGGTCAATACCATCAATGTAATTCTATTAATATCGAATTTTCTGAAACAGGTTGATTGATGAAATGCCTtatgcaactgataataatgtaaattgatacagtcactttggtaaaggtttgtaattgcatattaaatggaaaattctcatattcttatcattcagtcatttctctGAATGTGAGAAGAGTATTCACAACTCTTTGTATTTTATTAT	2461	39.08	10.6054449410809	4e-16	gi|224020395|ref|NC_001664.2|	Human herpesvirus 6A, complete genome	virus	Herpesviridae	Human herpesvirus 6A	dsDNA,linear,nonsegmented	tblastx	viral.1.1.genomic	217	477	132156	131896	0
